[{"model": "core.case", "pk": 1, "fields": {"name": "Nieuwe zaak", "case_type": 1, "created_at": "2018-10-10T21:54:40.395Z", "current_phase": null, "assignee": null, "data": {"aanvrager": "asdf", "bijzonderheden": "KWALIBO", "klasse_toxiciteit_en_flammable": "3T vluchtig WN"}}}, {"model": "core.case", "pk": 2, "fields": {"name": "Nieuwe zaak", "case_type": 1, "created_at": "2018-10-10T21:55:03.450Z", "current_phase": null, "assignee": null, "data": {"aanvrager": "asdf", "bijzonderheden": "KWALIBO", "klasse_toxiciteit_en_flammable": "3T vluchtig WN"}}}, {"model": "core.case", "pk": 3, "fields": {"name": "Nieuwe zaak", "case_type": 1, "created_at": "2018-10-10T21:55:29.958Z", "current_phase": null, "assignee": null, "data": {"aanvrager": "asdf", "bijzonderheden": "KWALIBO", "klasse_toxiciteit_en_flammable": "3T vluchtig WN"}}}, {"model": "core.case", "pk": 4, "fields": {"name": "Nieuwe zaak", "case_type": 1, "created_at": "2018-10-10T21:55:40.370Z", "current_phase": null, "assignee": null, "data": {"aanvrager": "asdf", "bijzonderheden": "KWALIBO", "klasse_toxiciteit_en_flammable": "3T vluchtig WN"}}}, {"model": "core.case", "pk": 5, "fields": {"name": "Nieuwe zaak", "case_type": 1, "created_at": "2018-10-10T21:55:50.754Z", "current_phase": null, "assignee": null, "data": {"aanvrager": "asdf", "bijzonderheden": "KWALIBO", "klasse_toxiciteit_en_flammable": "3T vluchtig WN"}}}, {"model": "core.case", "pk": 6, "fields": {"name": "Nieuwe zaak", "case_type": 1, "created_at": "2018-10-11T13:32:17.048Z", "current_phase": null, "assignee": null, "data": {"aanvrager": "sadf", "bijzonderheden": "KWALIBO", "klasse_toxiciteit_en_flammable": "3T vluchtig WN"}}}, {"model": "core.casetype", "pk": 1, "fields": {"name": "Bodem en veiligheidsadvies"}}, {"model": "core.phase", "pk": 1, "fields": {"case_type": 1, "name": "Registeren", "order": 1}}, {"model": "core.phase", "pk": 2, "fields": {"case_type": 1, "name": "Inplannen", "order": 2}}, {"model": "core.phase", "pk": 3, "fields": {"case_type": 1, "name": "Co\u00f6rdineren", "order": 3}}, {"model": "core.phase", "pk": 4, "fields": {"case_type": 1, "name": "Uitvoeren", "order": 4}}, {"model": "core.phase", "pk": 5, "fields": {"case_type": 1, "name": "Afhandelen", "order": 5}}, {"model": "core.phasefield", "pk": 1, "fields": {"phase": 1, "key": "aanvrager", "label": "Aanvrager", "type": "CharField", "widget": "TextInput", "initial": null, "args": {}, "order": 1}}, {"model": "core.phasefield", "pk": 2, "fields": {"phase": 1, "key": "bijzonderheden", "label": "Bijzonderheden", "type": "ChoiceField", "widget": "RadioSelect", "initial": "KWALIBO", "args": {"choices": [["KWALIBO", "KWALIBO"], ["Let op", "Let op"], ["Calamiteit", "Calamiteit"], ["Incident", "Incident"], ["Calamiteit KWALIBO", "Calamiteit KWALIBO"], ["Incident KWALIBO", "Incident KWALIBO"]]}, "order": 2}}, {"model": "core.phasefield", "pk": 3, "fields": {"phase": 1, "key": "klasse_toxiciteit_en_flammable", "label": "Klasse Toxiciteit en Flammable", "type": "ChoiceField", "widget": "RadioSelect", "initial": null, "args": {"choices": [["1T/2T niet-vluchtig WN", "1T/2T niet-vluchtig WN"], ["1T/2T vluchtig WN", "1T/2T vluchtig WN"], ["3T niet-vluchtig WN", "3T niet-vluchtig WN"], ["3T vluchtig WN", "3T vluchtig WN"], ["3T(asbest) WN", "3T(asbest) WN"], ["Basisklasse WN", "Basisklasse WN"]]}, "order": 3}}, {"model": "core.phasefield", "pk": 4, "fields": {"phase": 2, "key": "startdatum", "label": "Startdatum", "type": "DateField", "widget": "DateInput", "initial": null, "args": {}, "order": 1}}, {"model": "core.phasefield", "pk": 5, "fields": {"phase": 2, "key": "einddatum", "label": "Einddatum", "type": "DateField", "widget": "DateInput", "initial": null, "args": {}, "order": 2}}, {"model": "core.phasefield", "pk": 6, "fields": {"phase": 2, "key": "duur_van_de_werkzaamheden", "label": "Duur van de werkzaamheden in uren", "type": "IntegerField", "widget": "NumberInput", "initial": null, "args": {}, "order": 3}}, {"model": "core.phasefield", "pk": 7, "fields": {"phase": 3, "key": "dlp", "label": "Naam opdrachtnemer (DLP-er) WN of aannemer", "type": "CharField", "widget": "TextInput", "initial": null, "args": {}, "order": 1}}, {"model": "core.phasefield", "pk": 8, "fields": {"phase": 3, "key": "hvk", "label": "HVK-er", "type": "ChoiceField", "widget": "Select", "initial": null, "args": {}, "order": 2}}, {"model": "core.phasefield", "pk": 9, "fields": {"phase": 3, "key": "hvk-extern", "label": "HVK-er (extern)", "type": "CharField", "widget": "TextInput", "initial": null, "args": {}, "order": 3}}, {"model": "core.phasefield", "pk": 10, "fields": {"phase": 4, "key": "organisatorische_aspecten", "label": "Start werkbespreking Projectspecifieke organisatorische aspecten", "type": "MultipleChoiceField", "widget": "CheckboxSelectMultiple", "initial": null, "args": {}, "order": 1}}, {"model": "core.phasefield", "pk": 11, "fields": {"phase": 4, "key": "uitvoeringsscenario", "label": "Uitvoeringsscenario", "type": "ChoiceField", "widget": "CheckboxSelectMultiple", "initial": null, "args": {}, "order": 2}}, {"model": "core.phasefield", "pk": 12, "fields": {"phase": 2, "key": "diepte_werkzaamheden_in_m", "label": "Diepte werkzaamheden in m", "type": "IntegerField", "widget": "NumberInput", "initial": null, "args": {}, "order": 4}}, {"model": "core.phasefield", "pk": 13, "fields": {"phase": 1, "key": "x", "label": "X-co\u00f6rdinaat", "type": "IntegerField", "widget": "NumberInput", "initial": null, "args": {}, "order": 4}}, {"model": "core.phasefield", "pk": 14, "fields": {"phase": 1, "key": "y", "label": "Y-co\u00f6rdinaat", "type": "IntegerField", "widget": "NumberInput", "initial": null, "args": {}, "order": 5}}, {"model": "core.phasefield", "pk": 15, "fields": {"phase": 1, "key": "opdrachtgever", "label": "Opdrachtgever", "type": "CharField", "widget": "TextInput", "initial": null, "args": {}, "order": 6}}, {"model": "core.phasefield", "pk": 16, "fields": {"phase": 1, "key": "opmerking", "label": "Opmerking", "type": "CharField", "widget": "Textarea", "initial": null, "args": {}, "order": 7}}, {"model": "core.phasefield", "pk": 17, "fields": {"phase": 1, "key": "adres", "label": "Adres", "type": "CharField", "widget": "TextInput", "initial": null, "args": {}, "order": 8}}, {"model": "core.phasefield", "pk": 18, "fields": {"phase": 1, "key": "plaats", "label": "Plaats", "type": "CharField", "widget": "TextInput", "initial": null, "args": {}, "order": 9}}, {"model": "core.phasefield", "pk": 19, "fields": {"phase": 1, "key": "werkomschrijving", "label": "Werkomschrijving", "type": "CharField", "widget": "TextInput", "initial": null, "args": {}, "order": 10}}, {"model": "core.phasefield", "pk": 20, "fields": {"phase": 1, "key": "werkorder", "label": "Werkorder", "type": "CharField", "widget": "TextInput", "initial": null, "args": {}, "order": 11}}, {"model": "core.phasefield", "pk": 21, "fields": {"phase": 1, "key": "diepte_werkzaamheden_in_m", "label": "Diepte werkzaamheden in m", "type": "IntegerField", "widget": "NumberInput", "initial": null, "args": {}, "order": 12}}, {"model": "core.phasefield", "pk": 22, "fields": {"phase": 1, "key": "duur_van_de_werkzaamheden_in_dagen", "label": "Duur van de werkzaamheden in uren", "type": "IntegerField", "widget": "NumberInput", "initial": null, "args": {}, "order": 13}}, {"model": "core.phasefield", "pk": 23, "fields": {"phase": 1, "key": "startdatum", "label": "Startdatum", "type": "DateField", "widget": "DateInput", "initial": null, "args": {}, "order": 14}}, {"model": "core.phasefield", "pk": 24, "fields": {"phase": 1, "key": "omvang_grondwerk_lxbxd_in_m3", "label": "Gepland grondverzet", "type": "IntegerField", "widget": "NumberInput", "initial": null, "args": {}, "order": 15}}, {"model": "core.phasefield", "pk": 25, "fields": {"phase": 1, "key": "buitengebied", "label": "Buitengebied", "type": "ChoiceField", "widget": "RadioSelect", "initial": null, "args": {}, "order": 16}}, {"model": "core.phasefield", "pk": 26, "fields": {"phase": 2, "key": "klasse_toxiciteit_en_flammable", "label": "Klasse Toxiciteit en Flammable", "type": "ChoiceField", "widget": "RadioSelect", "initial": null, "args": {}, "order": 5}}, {"model": "core.phasefield", "pk": 27, "fields": {"phase": 2, "key": "buitengebied", "label": "Buitengebied", "type": "ChoiceField", "widget": "RadioSelect", "initial": null, "args": {}, "order": 6}}, {"model": "core.phasefield", "pk": 28, "fields": {"phase": 2, "key": "werkregelaar", "label": "Werkregelaar", "type": "ChoiceField", "widget": "Select", "initial": null, "args": {}, "order": 7}}, {"model": "core.phasefield", "pk": 29, "fields": {"phase": 2, "key": "kvp_keuze", "label": "KVP-er", "type": "ChoiceField", "widget": "Select", "initial": null, "args": {}, "order": 8}}, {"model": "core.phasefield", "pk": 30, "fields": {"phase": 2, "key": "soort_werk", "label": "Soort werk", "type": "ChoiceField", "widget": "Select", "initial": null, "args": {}, "order": 9}}, {"model": "core.phasefield", "pk": 31, "fields": {"phase": 2, "key": "vooronderzoek", "label": "Vooronderzoek", "type": "ChoiceField", "widget": "RadioSelect", "initial": null, "args": {}, "order": 10}}, {"model": "core.phasefield", "pk": 32, "fields": {"phase": 2, "key": "aantal_m3_te_ontgraven", "label": "Aantal m3 te ontgraven", "type": "ChoiceField", "widget": "RadioSelect", "initial": null, "args": {}, "order": 11}}, {"model": "core.phasefield", "pk": 33, "fields": {"phase": 2, "key": "aannemer", "label": "Aannemer", "type": "ChoiceField", "widget": "Select", "initial": null, "args": {}, "order": 12}}, {"model": "core.phasefield", "pk": 34, "fields": {"phase": 2, "key": "naam_aannemer", "label": "Naam aannemer", "type": "CharField", "widget": "TextInput", "initial": null, "args": {}, "order": 13}}, {"model": "core.phasefield", "pk": 35, "fields": {"phase": 2, "key": "contactpersoon_aannemer", "label": "Contactpersoon aannemer", "type": "CharField", "widget": "TextInput", "initial": null, "args": {}, "order": 14}}, {"model": "core.phasefield", "pk": 36, "fields": {"phase": 2, "key": "adres_aannemer", "label": "Adres aannemer", "type": "CharField", "widget": "TextInput", "initial": null, "args": {}, "order": 15}}, {"model": "core.phasefield", "pk": 37, "fields": {"phase": 2, "key": "postcode_aannemer", "label": "Postcode aannemer", "type": "CharField", "widget": "TextInput", "initial": null, "args": {}, "order": 16}}, {"model": "core.phasefield", "pk": 38, "fields": {"phase": 2, "key": "plaats_aannemer", "label": "Plaats aannemer", "type": "CharField", "widget": "TextInput", "initial": null, "args": {}, "order": 17}}, {"model": "core.phasefield", "pk": 39, "fields": {"phase": 2, "key": "telefoonnummer_aannemer", "label": "Telefoonnummer aannemer", "type": "CharField", "widget": "TextInput", "initial": null, "args": {}, "order": 18}}, {"model": "core.phasefield", "pk": 40, "fields": {"phase": 2, "key": "kwalibo_erkend_aannemer", "label": "KWALIBO erkend aannemer", "type": "ChoiceField", "widget": "RadioSelect", "initial": null, "args": {}, "order": 19}}, {"model": "core.phasefield", "pk": 41, "fields": {"phase": 4, "key": "werkzaamheden_onder_grondwaterspiegel", "label": "Werkzaamheden onder grondwaterspiegel", "type": "ChoiceField", "widget": "RadioSelect", "initial": null, "args": {}, "order": 3}}, {"model": "core.phasefield", "pk": 42, "fields": {"phase": 4, "key": "soort_afwijking", "label": "Soort afwijking", "type": "MultipleChoiceField", "widget": "CheckboxSelectMultiple", "initial": null, "args": {}, "order": 4}}, {"model": "core.phasefield", "pk": 43, "fields": {"phase": 4, "key": "afwijking_toelichting", "label": "Toelichting", "type": "CharField", "widget": "Textarea", "initial": null, "args": {}, "order": 5}}, {"model": "database.constance", "pk": 1, "fields": {"key": "COMPANY_NAME", "value": "gAJYBwAAAERlbHRhMTBxAC4="}}, {"model": "database.constance", "pk": 2, "fields": {"key": "FAVICON_IMAGE", "value": "gAJYEwAAAGRlZmF1bHQvZmF2aWNvbi5wbmdxAC4="}}, {"model": "database.constance", "pk": 3, "fields": {"key": "LOGO_IMAGE", "value": "gAJYEAAAAGRlZmF1bHQvbG9nby5zdmdxAC4="}}, {"model": "auth.permission", "pk": 1, "fields": {"name": "Can add user", "content_type": 1, "codename": "add_user"}}, {"model": "auth.permission", "pk": 2, "fields": {"name": "Can change user", "content_type": 1, "codename": "change_user"}}, {"model": "auth.permission", "pk": 3, "fields": {"name": "Can delete user", "content_type": 1, "codename": "delete_user"}}, {"model": "auth.permission", "pk": 4, "fields": {"name": "Can view user", "content_type": 1, "codename": "view_user"}}, {"model": "auth.permission", "pk": 5, "fields": {"name": "Can add case", "content_type": 2, "codename": "add_case"}}, {"model": "auth.permission", "pk": 6, "fields": {"name": "Can change case", "content_type": 2, "codename": "change_case"}}, {"model": "auth.permission", "pk": 7, "fields": {"name": "Can delete case", "content_type": 2, "codename": "delete_case"}}, {"model": "auth.permission", "pk": 8, "fields": {"name": "Can view case", "content_type": 2, "codename": "view_case"}}, {"model": "auth.permission", "pk": 9, "fields": {"name": "Can add case log", "content_type": 3, "codename": "add_caselog"}}, {"model": "auth.permission", "pk": 10, "fields": {"name": "Can change case log", "content_type": 3, "codename": "change_caselog"}}, {"model": "auth.permission", "pk": 11, "fields": {"name": "Can delete case log", "content_type": 3, "codename": "delete_caselog"}}, {"model": "auth.permission", "pk": 12, "fields": {"name": "Can view case log", "content_type": 3, "codename": "view_caselog"}}, {"model": "auth.permission", "pk": 13, "fields": {"name": "Can add case type", "content_type": 4, "codename": "add_casetype"}}, {"model": "auth.permission", "pk": 14, "fields": {"name": "Can change case type", "content_type": 4, "codename": "change_casetype"}}, {"model": "auth.permission", "pk": 15, "fields": {"name": "Can delete case type", "content_type": 4, "codename": "delete_casetype"}}, {"model": "auth.permission", "pk": 16, "fields": {"name": "Can view case type", "content_type": 4, "codename": "view_casetype"}}, {"model": "auth.permission", "pk": 17, "fields": {"name": "Can add phase", "content_type": 5, "codename": "add_phase"}}, {"model": "auth.permission", "pk": 18, "fields": {"name": "Can change phase", "content_type": 5, "codename": "change_phase"}}, {"model": "auth.permission", "pk": 19, "fields": {"name": "Can delete phase", "content_type": 5, "codename": "delete_phase"}}, {"model": "auth.permission", "pk": 20, "fields": {"name": "Can view phase", "content_type": 5, "codename": "view_phase"}}, {"model": "auth.permission", "pk": 21, "fields": {"name": "Can add phase field", "content_type": 6, "codename": "add_phasefield"}}, {"model": "auth.permission", "pk": 22, "fields": {"name": "Can change phase field", "content_type": 6, "codename": "change_phasefield"}}, {"model": "auth.permission", "pk": 23, "fields": {"name": "Can delete phase field", "content_type": 6, "codename": "delete_phasefield"}}, {"model": "auth.permission", "pk": 24, "fields": {"name": "Can view phase field", "content_type": 6, "codename": "view_phasefield"}}, {"model": "auth.permission", "pk": 25, "fields": {"name": "Can change config", "content_type": 7, "codename": "change_config"}}, {"model": "auth.permission", "pk": 26, "fields": {"name": "Can add log entry", "content_type": 8, "codename": "add_logentry"}}, {"model": "auth.permission", "pk": 27, "fields": {"name": "Can change log entry", "content_type": 8, "codename": "change_logentry"}}, {"model": "auth.permission", "pk": 28, "fields": {"name": "Can delete log entry", "content_type": 8, "codename": "delete_logentry"}}, {"model": "auth.permission", "pk": 29, "fields": {"name": "Can view log entry", "content_type": 8, "codename": "view_logentry"}}, {"model": "auth.permission", "pk": 30, "fields": {"name": "Can add permission", "content_type": 9, "codename": "add_permission"}}, {"model": "auth.permission", "pk": 31, "fields": {"name": "Can change permission", "content_type": 9, "codename": "change_permission"}}, {"model": "auth.permission", "pk": 32, "fields": {"name": "Can delete permission", "content_type": 9, "codename": "delete_permission"}}, {"model": "auth.permission", "pk": 33, "fields": {"name": "Can view permission", "content_type": 9, "codename": "view_permission"}}, {"model": "auth.permission", "pk": 34, "fields": {"name": "Can add group", "content_type": 10, "codename": "add_group"}}, {"model": "auth.permission", "pk": 35, "fields": {"name": "Can change group", "content_type": 10, "codename": "change_group"}}, {"model": "auth.permission", "pk": 36, "fields": {"name": "Can delete group", "content_type": 10, "codename": "delete_group"}}, {"model": "auth.permission", "pk": 37, "fields": {"name": "Can view group", "content_type": 10, "codename": "view_group"}}, {"model": "auth.permission", "pk": 38, "fields": {"name": "Can add content type", "content_type": 11, "codename": "add_contenttype"}}, {"model": "auth.permission", "pk": 39, "fields": {"name": "Can change content type", "content_type": 11, "codename": "change_contenttype"}}, {"model": "auth.permission", "pk": 40, "fields": {"name": "Can delete content type", "content_type": 11, "codename": "delete_contenttype"}}, {"model": "auth.permission", "pk": 41, "fields": {"name": "Can view content type", "content_type": 11, "codename": "view_contenttype"}}, {"model": "auth.permission", "pk": 42, "fields": {"name": "Can add session", "content_type": 12, "codename": "add_session"}}, {"model": "auth.permission", "pk": 43, "fields": {"name": "Can change session", "content_type": 12, "codename": "change_session"}}, {"model": "auth.permission", "pk": 44, "fields": {"name": "Can delete session", "content_type": 12, "codename": "delete_session"}}, {"model": "auth.permission", "pk": 45, "fields": {"name": "Can view session", "content_type": 12, "codename": "view_session"}}, {"model": "auth.permission", "pk": 46, "fields": {"name": "Can add constance", "content_type": 13, "codename": "add_constance"}}, {"model": "auth.permission", "pk": 47, "fields": {"name": "Can change constance", "content_type": 13, "codename": "change_constance"}}, {"model": "auth.permission", "pk": 48, "fields": {"name": "Can delete constance", "content_type": 13, "codename": "delete_constance"}}, {"model": "auth.permission", "pk": 49, "fields": {"name": "Can view constance", "content_type": 13, "codename": "view_constance"}}]