[{"model": "core.casetype", "pk": 1, "fields": {"name": "Bodem en veiligheidsadvies", "display_name": "{{adres}}, {{plaats}}"}}, {"model": "core.phase", "pk": 1, "fields": {"case_type": 1, "name": "Registeren", "order": 1}}, {"model": "core.phase", "pk": 2, "fields": {"case_type": 1, "name": "Inplannen", "order": 2}}, {"model": "core.phase", "pk": 3, "fields": {"case_type": 1, "name": "Co\u00f6rdineren", "order": 3}}, {"model": "core.phase", "pk": 4, "fields": {"case_type": 1, "name": "Uitvoeren", "order": 4}}, {"model": "core.phase", "pk": 5, "fields": {"case_type": 1, "name": "Afhandelen", "order": 5}}, {"model": "core.phasefield", "pk": 1, "fields": {"phase": 1, "key": "aanvrager", "label": "Aanvrager", "type": "CharField", "widget": "TextInput", "initial": null, "args": {}, "order": 1}}, {"model": "core.phasefield", "pk": 2, "fields": {"phase": 1, "key": "bijzonderheden", "label": "Bijzonderheden", "type": "ChoiceField", "widget": "RadioSelect", "initial": "KWALIBO", "args": {"choices": [["KWALIBO", "KWALIBO"], ["Let op", "Let op"], ["Calamiteit", "Calamiteit"], ["Incident", "Incident"], ["Calamiteit KWALIBO", "Calamiteit KWALIBO"], ["Incident KWALIBO", "Incident KWALIBO"]]}, "order": 2}}, {"model": "core.phasefield", "pk": 3, "fields": {"phase": 1, "key": "klasse_toxiciteit_en_flammable", "label": "Klasse Toxiciteit en Flammable", "type": "ChoiceField", "widget": "RadioSelect", "initial": null, "args": {"choices": [["1T/2T niet-vluchtig WN", "1T/2T niet-vluchtig WN"], ["1T/2T vluchtig WN", "1T/2T vluchtig WN"], ["3T niet-vluchtig WN", "3T niet-vluchtig WN"], ["3T vluchtig WN", "3T vluchtig WN"], ["3T(asbest) WN", "3T(asbest) WN"], ["Basisklasse WN", "Basisklasse WN"]]}, "order": 3}}, {"model": "core.phasefield", "pk": 4, "fields": {"phase": 2, "key": "startdatum", "label": "Startdatum", "type": "CharField", "widget": "DateInput", "initial": null, "args": {}, "order": 1}}, {"model": "core.phasefield", "pk": 5, "fields": {"phase": 2, "key": "einddatum", "label": "Einddatum", "type": "CharField", "widget": "TextInput", "initial": null, "args": {}, "order": 2}}, {"model": "core.phasefield", "pk": 6, "fields": {"phase": 2, "key": "duur_van_de_werkzaamheden", "label": "Duur van de werkzaamheden in uren", "type": "IntegerField", "widget": "NumberInput", "initial": null, "args": {}, "order": 3}}, {"model": "core.phasefield", "pk": 7, "fields": {"phase": 3, "key": "dlp", "label": "Naam opdrachtnemer (DLP-er) WN of aannemer", "type": "CharField", "widget": "TextInput", "initial": null, "args": {}, "order": 1}}, {"model": "core.phasefield", "pk": 9, "fields": {"phase": 3, "key": "hvk-extern", "label": "HVK-er (extern)", "type": "CharField", "widget": "TextInput", "initial": null, "args": {}, "order": 3}}, {"model": "core.phasefield", "pk": 12, "fields": {"phase": 2, "key": "diepte_werkzaamheden_in_m", "label": "Diepte werkzaamheden in m", "type": "IntegerField", "widget": "NumberInput", "initial": null, "args": {}, "order": 4}}, {"model": "core.phasefield", "pk": 13, "fields": {"phase": 1, "key": "x", "label": "X-co\u00f6rdinaat", "type": "IntegerField", "widget": "NumberInput", "initial": null, "args": {}, "order": 4}}, {"model": "core.phasefield", "pk": 14, "fields": {"phase": 1, "key": "y", "label": "Y-co\u00f6rdinaat", "type": "IntegerField", "widget": "NumberInput", "initial": null, "args": {}, "order": 5}}, {"model": "core.phasefield", "pk": 15, "fields": {"phase": 1, "key": "opdrachtgever", "label": "Opdrachtgever", "type": "CharField", "widget": "TextInput", "initial": null, "args": {}, "order": 6}}, {"model": "core.phasefield", "pk": 16, "fields": {"phase": 1, "key": "opmerking", "label": "Opmerking", "type": "CharField", "widget": "Textarea", "initial": null, "args": {}, "order": 7}}, {"model": "core.phasefield", "pk": 17, "fields": {"phase": 1, "key": "adres", "label": "Adres", "type": "CharField", "widget": "TextInput", "initial": null, "args": {}, "order": 8}}, {"model": "core.phasefield", "pk": 18, "fields": {"phase": 1, "key": "plaats", "label": "Plaats", "type": "CharField", "widget": "TextInput", "initial": null, "args": {}, "order": 9}}, {"model": "core.phasefield", "pk": 19, "fields": {"phase": 1, "key": "werkomschrijving", "label": "Werkomschrijving", "type": "CharField", "widget": "TextInput", "initial": null, "args": {}, "order": 10}}, {"model": "core.phasefield", "pk": 20, "fields": {"phase": 1, "key": "werkorder", "label": "Werkorder", "type": "CharField", "widget": "TextInput", "initial": null, "args": {}, "order": 11}}, {"model": "core.phasefield", "pk": 21, "fields": {"phase": 1, "key": "diepte_werkzaamheden_in_m", "label": "Diepte werkzaamheden in m", "type": "IntegerField", "widget": "NumberInput", "initial": null, "args": {}, "order": 12}}, {"model": "core.phasefield", "pk": 22, "fields": {"phase": 1, "key": "duur_van_de_werkzaamheden_in_dagen", "label": "Duur van de werkzaamheden in uren", "type": "IntegerField", "widget": "NumberInput", "initial": null, "args": {}, "order": 13}}, {"model": "core.phasefield", "pk": 23, "fields": {"phase": 1, "key": "startdatum", "label": "Startdatum", "type": "CharField", "widget": "TextInput", "initial": null, "args": {}, "order": 14}}, {"model": "core.phasefield", "pk": 24, "fields": {"phase": 1, "key": "omvang_grondwerk_lxbxd_in_m3", "label": "Gepland grondverzet", "type": "IntegerField", "widget": "NumberInput", "initial": null, "args": {}, "order": 15}}, {"model": "core.phasefield", "pk": 25, "fields": {"phase": 1, "key": "buitengebied", "label": "Buitengebied", "type": "CharField", "widget": "TextInput", "initial": null, "args": {}, "order": 16}}, {"model": "core.phasefield", "pk": 34, "fields": {"phase": 2, "key": "naam_aannemer", "label": "Naam aannemer", "type": "CharField", "widget": "TextInput", "initial": null, "args": {}, "order": 13}}, {"model": "core.phasefield", "pk": 35, "fields": {"phase": 2, "key": "contactpersoon_aannemer", "label": "Contactpersoon aannemer", "type": "CharField", "widget": "TextInput", "initial": null, "args": {}, "order": 14}}, {"model": "core.phasefield", "pk": 36, "fields": {"phase": 2, "key": "adres_aannemer", "label": "Adres aannemer", "type": "CharField", "widget": "TextInput", "initial": null, "args": {}, "order": 15}}, {"model": "core.phasefield", "pk": 37, "fields": {"phase": 2, "key": "postcode_aannemer", "label": "Postcode aannemer", "type": "CharField", "widget": "TextInput", "initial": null, "args": {}, "order": 16}}, {"model": "core.phasefield", "pk": 38, "fields": {"phase": 2, "key": "plaats_aannemer", "label": "Plaats aannemer", "type": "CharField", "widget": "TextInput", "initial": null, "args": {}, "order": 17}}, {"model": "core.phasefield", "pk": 39, "fields": {"phase": 2, "key": "telefoonnummer_aannemer", "label": "Telefoonnummer aannemer", "type": "CharField", "widget": "TextInput", "initial": null, "args": {}, "order": 18}}, {"model": "core.phasefield", "pk": 43, "fields": {"phase": 4, "key": "afwijking_toelichting", "label": "Toelichting", "type": "CharField", "widget": "Textarea", "initial": null, "args": {}, "order": 5}}, {"model": "contenttypes.contenttype", "pk": 1, "fields": {"app_label": "core", "model": "user"}}, {"model": "contenttypes.contenttype", "pk": 2, "fields": {"app_label": "core", "model": "case"}}, {"model": "contenttypes.contenttype", "pk": 3, "fields": {"app_label": "core", "model": "caselog"}}, {"model": "contenttypes.contenttype", "pk": 4, "fields": {"app_label": "core", "model": "casetype"}}, {"model": "contenttypes.contenttype", "pk": 5, "fields": {"app_label": "core", "model": "phase"}}, {"model": "contenttypes.contenttype", "pk": 6, "fields": {"app_label": "core", "model": "phasefield"}}, {"model": "contenttypes.contenttype", "pk": 7, "fields": {"app_label": "constance", "model": "config"}}, {"model": "contenttypes.contenttype", "pk": 8, "fields": {"app_label": "admin", "model": "logentry"}}, {"model": "contenttypes.contenttype", "pk": 9, "fields": {"app_label": "auth", "model": "permission"}}, {"model": "contenttypes.contenttype", "pk": 10, "fields": {"app_label": "auth", "model": "group"}}, {"model": "contenttypes.contenttype", "pk": 11, "fields": {"app_label": "contenttypes", "model": "contenttype"}}, {"model": "contenttypes.contenttype", "pk": 12, "fields": {"app_label": "sessions", "model": "session"}}, {"model": "contenttypes.contenttype", "pk": 13, "fields": {"app_label": "database", "model": "constance"}}, {"model": "contenttypes.contenttype", "pk": 14, "fields": {"app_label": "core", "model": "attachment"}}, {"model": "contenttypes.contenttype", "pk": 15, "fields": {"app_label": "core", "model": "action"}}, {"model": "sessions.session", "pk": "1185d8lc7ag9aqrypns7n1h6tqkfjau7", "fields": {"session_data": "ODcyOGFhZjA1YjY4MGMzYWEzNzIzZDQ2ZTkyOTEyOWVmYWYyZDA1ODp7fQ==", "expire_date": "2018-10-25T14:02:55.035Z"}}, {"model": "sessions.session", "pk": "7qoy3uu9gjgyy1uswc2kfgjbqnct7l72", "fields": {"session_data": "OGM3OGIxMDhhNjYwMjE1OTEwOTU1ZWFkN2VkOTc3NzM3ZTYzYzgyNzp7Il9hdXRoX3VzZXJfaWQiOiIxIiwiX2F1dGhfdXNlcl9iYWNrZW5kIjoiZGphbmdvLmNvbnRyaWIuYXV0aC5iYWNrZW5kcy5Nb2RlbEJhY2tlbmQiLCJfYXV0aF91c2VyX2hhc2giOiJlYzUyNmY2ZjczOTQ3YzYzZDExMmFjNGY5YjMxZjg5YzY3OWVhZjdhIn0=", "expire_date": "2019-03-08T10:31:53.282Z"}}, {"model": "sessions.session", "pk": "dqathuph5v6pauajuikodxwswduo5c9q", "fields": {"session_data": "OGM3OGIxMDhhNjYwMjE1OTEwOTU1ZWFkN2VkOTc3NzM3ZTYzYzgyNzp7Il9hdXRoX3VzZXJfaWQiOiIxIiwiX2F1dGhfdXNlcl9iYWNrZW5kIjoiZGphbmdvLmNvbnRyaWIuYXV0aC5iYWNrZW5kcy5Nb2RlbEJhY2tlbmQiLCJfYXV0aF91c2VyX2hhc2giOiJlYzUyNmY2ZjczOTQ3YzYzZDExMmFjNGY5YjMxZjg5YzY3OWVhZjdhIn0=", "expire_date": "2019-03-28T08:27:49.555Z"}}, {"model": "sessions.session", "pk": "iqnqkk1fb47exski4n0o8d3miuzhhee9", "fields": {"session_data": "OGM3OGIxMDhhNjYwMjE1OTEwOTU1ZWFkN2VkOTc3NzM3ZTYzYzgyNzp7Il9hdXRoX3VzZXJfaWQiOiIxIiwiX2F1dGhfdXNlcl9iYWNrZW5kIjoiZGphbmdvLmNvbnRyaWIuYXV0aC5iYWNrZW5kcy5Nb2RlbEJhY2tlbmQiLCJfYXV0aF91c2VyX2hhc2giOiJlYzUyNmY2ZjczOTQ3YzYzZDExMmFjNGY5YjMxZjg5YzY3OWVhZjdhIn0=", "expire_date": "2019-01-04T11:26:51.468Z"}}, {"model": "sessions.session", "pk": "ltdns210kqyiz8exrn3k724xgzbhpv7y", "fields": {"session_data": "NWY2ZTRkZTc1Yzg4ZTcyMDU1YWI0MTgxYzRiMjA0YTNiOTY2YmJiOTp7Il9hdXRoX3VzZXJfaWQiOiIyIiwiX2F1dGhfdXNlcl9iYWNrZW5kIjoiZGphbmdvLmNvbnRyaWIuYXV0aC5iYWNrZW5kcy5Nb2RlbEJhY2tlbmQiLCJfYXV0aF91c2VyX2hhc2giOiI1N2YxOWFjNWZkNjlmMDkyZGE1ZTBmM2E2NWE1Y2NiOGM2NzMyOGZkIn0=", "expire_date": "2019-03-08T10:44:21.745Z"}}, {"model": "sessions.session", "pk": "mnw6vdd5irrz10tgoq9w94xt8ylxdqaj", "fields": {"session_data": "OGM3OGIxMDhhNjYwMjE1OTEwOTU1ZWFkN2VkOTc3NzM3ZTYzYzgyNzp7Il9hdXRoX3VzZXJfaWQiOiIxIiwiX2F1dGhfdXNlcl9iYWNrZW5kIjoiZGphbmdvLmNvbnRyaWIuYXV0aC5iYWNrZW5kcy5Nb2RlbEJhY2tlbmQiLCJfYXV0aF91c2VyX2hhc2giOiJlYzUyNmY2ZjczOTQ3YzYzZDExMmFjNGY5YjMxZjg5YzY3OWVhZjdhIn0=", "expire_date": "2018-10-26T15:35:40.803Z"}}, {"model": "sessions.session", "pk": "ot8pq0e2706yob1hjyp5helg5ei4qptu", "fields": {"session_data": "N2I1MWJiMGExOGUzMjRjZjZiYzkzZjE3N2Q1OTliZjZlNWVmOTJhYzp7Il9hdXRoX3VzZXJfaWQiOiIxIiwiX2F1dGhfdXNlcl9iYWNrZW5kIjoiZGphbmdvLmNvbnRyaWIuYXV0aC5iYWNrZW5kcy5Nb2RlbEJhY2tlbmQiLCJfYXV0aF91c2VyX2hhc2giOiJkMTNiY2Q0OGI0MDhhODczYTlmNDJjNTQxMTQ0ZjdiYzQwZGFlYmJiIn0=", "expire_date": "2018-10-25T14:06:03.950Z"}}, {"model": "sessions.session", "pk": "pm48xzzyrzx95llfkccpjt1z1uvlortx", "fields": {"session_data": "NWY2ZTRkZTc1Yzg4ZTcyMDU1YWI0MTgxYzRiMjA0YTNiOTY2YmJiOTp7Il9hdXRoX3VzZXJfaWQiOiIyIiwiX2F1dGhfdXNlcl9iYWNrZW5kIjoiZGphbmdvLmNvbnRyaWIuYXV0aC5iYWNrZW5kcy5Nb2RlbEJhY2tlbmQiLCJfYXV0aF91c2VyX2hhc2giOiI1N2YxOWFjNWZkNjlmMDkyZGE1ZTBmM2E2NWE1Y2NiOGM2NzMyOGZkIn0=", "expire_date": "2019-03-05T07:16:50.969Z"}}, {"model": "sessions.session", "pk": "vh5enfaocqonrj0m1hb0kygq9nmcdcwa", "fields": {"session_data": "OGM3OGIxMDhhNjYwMjE1OTEwOTU1ZWFkN2VkOTc3NzM3ZTYzYzgyNzp7Il9hdXRoX3VzZXJfaWQiOiIxIiwiX2F1dGhfdXNlcl9iYWNrZW5kIjoiZGphbmdvLmNvbnRyaWIuYXV0aC5iYWNrZW5kcy5Nb2RlbEJhY2tlbmQiLCJfYXV0aF91c2VyX2hhc2giOiJlYzUyNmY2ZjczOTQ3YzYzZDExMmFjNGY5YjMxZjg5YzY3OWVhZjdhIn0=", "expire_date": "2018-12-21T11:26:45.376Z"}}, {"model": "sessions.session", "pk": "wqwhar0wmakmay9y2mgqxz9tdrkwyjcv", "fields": {"session_data": "NWY2ZTRkZTc1Yzg4ZTcyMDU1YWI0MTgxYzRiMjA0YTNiOTY2YmJiOTp7Il9hdXRoX3VzZXJfaWQiOiIyIiwiX2F1dGhfdXNlcl9iYWNrZW5kIjoiZGphbmdvLmNvbnRyaWIuYXV0aC5iYWNrZW5kcy5Nb2RlbEJhY2tlbmQiLCJfYXV0aF91c2VyX2hhc2giOiI1N2YxOWFjNWZkNjlmMDkyZGE1ZTBmM2E2NWE1Y2NiOGM2NzMyOGZkIn0=", "expire_date": "2019-03-05T07:29:30.206Z"}}, {"model": "database.constance", "pk": 1, "fields": {"key": "COMPANY_NAME", "value": "gAJYBwAAAERlbHRhMTBxAC4="}}, {"model": "database.constance", "pk": 2, "fields": {"key": "FAVICON_IMAGE", "value": "gAJYEwAAAGRlZmF1bHQvZmF2aWNvbi5wbmdxAC4="}}, {"model": "database.constance", "pk": 3, "fields": {"key": "LOGO_IMAGE", "value": "gAJYEAAAAGRlZmF1bHQvbG9nby5zdmdxAC4="}}, {"model": "auth.permission", "pk": 1, "fields": {"name": "Can add user", "content_type": 1, "codename": "add_user"}}, {"model": "auth.permission", "pk": 2, "fields": {"name": "Can change user", "content_type": 1, "codename": "change_user"}}, {"model": "auth.permission", "pk": 3, "fields": {"name": "Can delete user", "content_type": 1, "codename": "delete_user"}}, {"model": "auth.permission", "pk": 4, "fields": {"name": "Can view user", "content_type": 1, "codename": "view_user"}}, {"model": "auth.permission", "pk": 5, "fields": {"name": "Can add case", "content_type": 2, "codename": "add_case"}}, {"model": "auth.permission", "pk": 6, "fields": {"name": "Can change case", "content_type": 2, "codename": "change_case"}}, {"model": "auth.permission", "pk": 7, "fields": {"name": "Can delete case", "content_type": 2, "codename": "delete_case"}}, {"model": "auth.permission", "pk": 8, "fields": {"name": "Can view case", "content_type": 2, "codename": "view_case"}}, {"model": "auth.permission", "pk": 9, "fields": {"name": "Can add case log", "content_type": 3, "codename": "add_caselog"}}, {"model": "auth.permission", "pk": 10, "fields": {"name": "Can change case log", "content_type": 3, "codename": "change_caselog"}}, {"model": "auth.permission", "pk": 11, "fields": {"name": "Can delete case log", "content_type": 3, "codename": "delete_caselog"}}, {"model": "auth.permission", "pk": 12, "fields": {"name": "Can view case log", "content_type": 3, "codename": "view_caselog"}}, {"model": "auth.permission", "pk": 13, "fields": {"name": "Can add case type", "content_type": 4, "codename": "add_casetype"}}, {"model": "auth.permission", "pk": 14, "fields": {"name": "Can change case type", "content_type": 4, "codename": "change_casetype"}}, {"model": "auth.permission", "pk": 15, "fields": {"name": "Can delete case type", "content_type": 4, "codename": "delete_casetype"}}, {"model": "auth.permission", "pk": 16, "fields": {"name": "Can view case type", "content_type": 4, "codename": "view_casetype"}}, {"model": "auth.permission", "pk": 17, "fields": {"name": "Can add phase", "content_type": 5, "codename": "add_phase"}}, {"model": "auth.permission", "pk": 18, "fields": {"name": "Can change phase", "content_type": 5, "codename": "change_phase"}}, {"model": "auth.permission", "pk": 19, "fields": {"name": "Can delete phase", "content_type": 5, "codename": "delete_phase"}}, {"model": "auth.permission", "pk": 20, "fields": {"name": "Can view phase", "content_type": 5, "codename": "view_phase"}}, {"model": "auth.permission", "pk": 21, "fields": {"name": "Can add phase field", "content_type": 6, "codename": "add_phasefield"}}, {"model": "auth.permission", "pk": 22, "fields": {"name": "Can change phase field", "content_type": 6, "codename": "change_phasefield"}}, {"model": "auth.permission", "pk": 23, "fields": {"name": "Can delete phase field", "content_type": 6, "codename": "delete_phasefield"}}, {"model": "auth.permission", "pk": 24, "fields": {"name": "Can view phase field", "content_type": 6, "codename": "view_phasefield"}}, {"model": "auth.permission", "pk": 25, "fields": {"name": "Can change config", "content_type": 7, "codename": "change_config"}}, {"model": "auth.permission", "pk": 26, "fields": {"name": "Can add log entry", "content_type": 8, "codename": "add_logentry"}}, {"model": "auth.permission", "pk": 27, "fields": {"name": "Can change log entry", "content_type": 8, "codename": "change_logentry"}}, {"model": "auth.permission", "pk": 28, "fields": {"name": "Can delete log entry", "content_type": 8, "codename": "delete_logentry"}}, {"model": "auth.permission", "pk": 29, "fields": {"name": "Can view log entry", "content_type": 8, "codename": "view_logentry"}}, {"model": "auth.permission", "pk": 30, "fields": {"name": "Can add permission", "content_type": 9, "codename": "add_permission"}}, {"model": "auth.permission", "pk": 31, "fields": {"name": "Can change permission", "content_type": 9, "codename": "change_permission"}}, {"model": "auth.permission", "pk": 32, "fields": {"name": "Can delete permission", "content_type": 9, "codename": "delete_permission"}}, {"model": "auth.permission", "pk": 33, "fields": {"name": "Can view permission", "content_type": 9, "codename": "view_permission"}}, {"model": "auth.permission", "pk": 34, "fields": {"name": "Can add group", "content_type": 10, "codename": "add_group"}}, {"model": "auth.permission", "pk": 35, "fields": {"name": "Can change group", "content_type": 10, "codename": "change_group"}}, {"model": "auth.permission", "pk": 36, "fields": {"name": "Can delete group", "content_type": 10, "codename": "delete_group"}}, {"model": "auth.permission", "pk": 37, "fields": {"name": "Can view group", "content_type": 10, "codename": "view_group"}}, {"model": "auth.permission", "pk": 38, "fields": {"name": "Can add content type", "content_type": 11, "codename": "add_contenttype"}}, {"model": "auth.permission", "pk": 39, "fields": {"name": "Can change content type", "content_type": 11, "codename": "change_contenttype"}}, {"model": "auth.permission", "pk": 40, "fields": {"name": "Can delete content type", "content_type": 11, "codename": "delete_contenttype"}}, {"model": "auth.permission", "pk": 41, "fields": {"name": "Can view content type", "content_type": 11, "codename": "view_contenttype"}}, {"model": "auth.permission", "pk": 42, "fields": {"name": "Can add session", "content_type": 12, "codename": "add_session"}}, {"model": "auth.permission", "pk": 43, "fields": {"name": "Can change session", "content_type": 12, "codename": "change_session"}}, {"model": "auth.permission", "pk": 44, "fields": {"name": "Can delete session", "content_type": 12, "codename": "delete_session"}}, {"model": "auth.permission", "pk": 45, "fields": {"name": "Can view session", "content_type": 12, "codename": "view_session"}}, {"model": "auth.permission", "pk": 46, "fields": {"name": "Can add constance", "content_type": 13, "codename": "add_constance"}}, {"model": "auth.permission", "pk": 47, "fields": {"name": "Can change constance", "content_type": 13, "codename": "change_constance"}}, {"model": "auth.permission", "pk": 48, "fields": {"name": "Can delete constance", "content_type": 13, "codename": "delete_constance"}}, {"model": "auth.permission", "pk": 49, "fields": {"name": "Can view constance", "content_type": 13, "codename": "view_constance"}}, {"model": "auth.permission", "pk": 50, "fields": {"name": "Can add attachment", "content_type": 14, "codename": "add_attachment"}}, {"model": "auth.permission", "pk": 51, "fields": {"name": "Can change attachment", "content_type": 14, "codename": "change_attachment"}}, {"model": "auth.permission", "pk": 52, "fields": {"name": "Can delete attachment", "content_type": 14, "codename": "delete_attachment"}}, {"model": "auth.permission", "pk": 53, "fields": {"name": "Can view attachment", "content_type": 14, "codename": "view_attachment"}}, {"model": "auth.permission", "pk": 54, "fields": {"name": "Can add action", "content_type": 15, "codename": "add_action"}}, {"model": "auth.permission", "pk": 55, "fields": {"name": "Can change action", "content_type": 15, "codename": "change_action"}}, {"model": "auth.permission", "pk": 56, "fields": {"name": "Can delete action", "content_type": 15, "codename": "delete_action"}}, {"model": "auth.permission", "pk": 57, "fields": {"name": "Can view action", "content_type": 15, "codename": "view_action"}}, {"model": "auth.permission", "pk": 58, "fields": {"name": "Can manage the case", "content_type": 2, "codename": "can_manage"}}, {"model": "auth.permission", "pk": 59, "fields": {"name": "Can manage cases", "content_type": 2, "codename": "can_manage_cases"}}, {"model": "auth.group", "pk": 1, "fields": {"name": "Zaakbeheerders", "permissions": [59]}}, {"model": "core.user", "pk": 1, "fields": {"password": "pbkdf2_sha256$120000$PpvuSGedMfLc$TH60a1q8jXRuagh/5acAK8BsteLwD7NITr3slYNr2ow=", "last_login": "2019-03-14T08:27:49.550Z", "is_superuser": true, "username": "admin", "email": "admin@admin.com", "name": "Admin", "is_active": true, "last_visit": "2019-03-14T09:35:29.980Z", "external_id": null, "groups": [], "user_permissions": []}}, {"model": "core.user", "pk": 2, "fields": {"password": "pbkdf2_sha256$120000$IAajVmKDEdKt$gYquvveLSIc9opF5DXp+AEw3yr6S1uWpZHwCleuu/CI=", "last_login": "2019-02-22T10:44:21.743Z", "is_superuser": false, "username": "zaakbeheerder", "email": "zaakbeheerder@zaakbeheer.com", "name": "Zaakbeheerder", "is_active": true, "last_visit": "2019-02-22T12:34:25.598Z", "external_id": null, "groups": [], "user_permissions": []}}, {"model": "core.case", "pk": 5, "fields": {"name": "Beukenlaan 3, Amsterdam", "case_type": 1, "created_at": "2018-10-10T21:55:50.754Z", "current_phase": 1, "assignee": 2, "data": {"x": 23, "y": 45, "dlp": "Michel Dijkman", "adres": "Beukenlaan 3", "plaats": "Amsterdam", "aanvrager": "Jeffrey de Jong", "einddatum": "10-4-2019", "opmerking": "--", "werkorder": "5634", "hvk-extern": "Jan Bakker", "startdatum": "5-4-2019", "buitengebied": "nee", "naam_aannemer": "Aannemersbedrijf Dijkman BV", "opdrachtgever": "Waternet", "adres_aannemer": "Hoofdstraat 23", "bijzonderheden": "KWALIBO", "plaats_aannemer": "Amsterdam", "werkomschrijving": "Controleren leiding", "postcode_aannemer": "1234AA", "afwijking_toelichting": "-", "contactpersoon_aannemer": "Michel Dijkman", "telefoonnummer_aannemer": "0698765432", "diepte_werkzaamheden_in_m": 7, "duur_van_de_werkzaamheden": 10, "omvang_grondwerk_lxbxd_in_m3": 5, "klasse_toxiciteit_en_flammable": "3T vluchtig WN", "duur_van_de_werkzaamheden_in_dagen": 10}}}, {"model": "core.case", "pk": 7, "fields": {"name": "Hoofdstraat 2, Landsmeer", "case_type": 1, "created_at": "2018-12-07T10:21:49.726Z", "current_phase": 5, "assignee": 2, "data": {"x": 3, "y": 4, "dlp": "bj", "adres": "Hoofdstraat 2", "plaats": "Landsmeer", "aanvrager": "Karel", "einddatum": "1-3-2020", "opmerking": "Test123", "werkorder": "nu", "hvk-extern": "jlk", "startdatum": "1-1-2019", "buitengebied": "ja", "naam_aannemer": "Test", "opdrachtgever": "Henk", "adres_aannemer": "test 2", "bijzonderheden": "Calamiteit KWALIBO", "plaats_aannemer": "Test", "werkomschrijving": "Graafwerkzaamheden", "postcode_aannemer": "1234AA", "afwijking_toelichting": "test123", "contactpersoon_aannemer": "Test", "telefoonnummer_aannemer": "0672654444", "diepte_werkzaamheden_in_m": 23, "duur_van_de_werkzaamheden": 3, "omvang_grondwerk_lxbxd_in_m3": 3, "klasse_toxiciteit_en_flammable": "3T niet-vluchtig WN", "duur_van_de_werkzaamheden_in_dagen": 34}}}, {"model": "core.case", "pk": 8, "fields": {"name": "Langelaan 34, Hoofddorp", "case_type": 1, "created_at": "2018-12-12T11:35:29.018Z", "current_phase": 5, "assignee": 1, "data": {"x": 1, "y": 1, "dlp": "Anton Bruna", "adres": "Langelaan 34", "plaats": "Hoofddorp", "aanvrager": "Anna Boom", "einddatum": "3-1-2019", "opmerking": "---", "werkorder": "5432", "hvk-extern": "Robin Maas", "startdatum": "1-1-2019", "buitengebied": "nee", "naam_aannemer": "Aannemer BV", "opdrachtgever": "Waternet", "adres_aannemer": "Takkenlaan 2", "bijzonderheden": "KWALIBO", "plaats_aannemer": "Groendorp", "werkomschrijving": "Vervangen leiding", "postcode_aannemer": "1234AA", "afwijking_toelichting": "--", "contactpersoon_aannemer": "Hans Tak", "telefoonnummer_aannemer": "0612344444", "diepte_werkzaamheden_in_m": 10, "duur_van_de_werkzaamheden": 3, "omvang_grondwerk_lxbxd_in_m3": 10, "klasse_toxiciteit_en_flammable": "1T/2T niet-vluchtig WN", "duur_van_de_werkzaamheden_in_dagen": 3}}}, {"model": "core.caselog", "pk": 89, "fields": {"case": 8, "event": "change_phase", "performer": 1, "created_at": "2019-03-14T09:31:42.196Z", "metadata": {"new_phase": "Registeren", "old_phase": "Uitvoeren"}}}, {"model": "core.caselog", "pk": 90, "fields": {"case": 8, "event": "next_phase", "performer": 1, "created_at": "2019-03-14T09:31:43.908Z", "metadata": {"new_phase": "Inplannen", "old_phase": "Registeren"}}}, {"model": "core.caselog", "pk": 91, "fields": {"case": 8, "event": "next_phase", "performer": 1, "created_at": "2019-03-14T09:31:44.344Z", "metadata": {"new_phase": "Co\u00f6rdineren", "old_phase": "Inplannen"}}}, {"model": "core.caselog", "pk": 92, "fields": {"case": 8, "event": "next_phase", "performer": 1, "created_at": "2019-03-14T09:31:44.922Z", "metadata": {"new_phase": "Uitvoeren", "old_phase": "Co\u00f6rdineren"}}}, {"model": "core.caselog", "pk": 93, "fields": {"case": 8, "event": "next_phase", "performer": 1, "created_at": "2019-03-14T09:31:45.621Z", "metadata": {"new_phase": "Afhandelen", "old_phase": "Uitvoeren"}}}, {"model": "core.caselog", "pk": 94, "fields": {"case": 8, "event": "change_phase", "performer": 1, "created_at": "2019-03-14T09:31:50.504Z", "metadata": {"new_phase": "Inplannen", "old_phase": "Afhandelen"}}}, {"model": "core.caselog", "pk": 95, "fields": {"case": 8, "event": "change_phase", "performer": 1, "created_at": "2019-03-14T09:31:56.453Z", "metadata": {"new_phase": "Uitvoeren", "old_phase": "Inplannen"}}}, {"model": "core.caselog", "pk": 96, "fields": {"case": 8, "event": "change_assignee", "performer": 1, "created_at": "2019-03-14T09:32:01.204Z", "metadata": {"assignee_name": "Zaakbeheerder"}}}, {"model": "core.caselog", "pk": 97, "fields": {"case": 8, "event": "change_assignee", "performer": 1, "created_at": "2019-03-14T09:32:05.638Z", "metadata": {"assignee_name": "Admin"}}}, {"model": "core.caselog", "pk": 98, "fields": {"case": 8, "event": "next_phase", "performer": 1, "created_at": "2019-03-14T09:32:06.975Z", "metadata": {"new_phase": "Afhandelen", "old_phase": "Uitvoeren"}}}, {"model": "core.caselog", "pk": 99, "fields": {"case": 7, "event": "change_assignee", "performer": 1, "created_at": "2019-03-14T09:32:42.619Z", "metadata": {"assignee_name": "Zaakbeheerder"}}}, {"model": "core.caselog", "pk": 100, "fields": {"case": 7, "event": "change_phase", "performer": 1, "created_at": "2019-03-14T09:32:49.856Z", "metadata": {"new_phase": "Registeren", "old_phase": "Afhandelen"}}}, {"model": "core.caselog", "pk": 101, "fields": {"case": 7, "event": "next_phase", "performer": 1, "created_at": "2019-03-14T09:32:52.059Z", "metadata": {"new_phase": "Inplannen", "old_phase": "Registeren"}}}, {"model": "core.caselog", "pk": 102, "fields": {"case": 7, "event": "next_phase", "performer": 1, "created_at": "2019-03-14T09:32:52.585Z", "metadata": {"new_phase": "Co\u00f6rdineren", "old_phase": "Inplannen"}}}, {"model": "core.caselog", "pk": 103, "fields": {"case": 7, "event": "next_phase", "performer": 1, "created_at": "2019-03-14T09:32:53.202Z", "metadata": {"new_phase": "Uitvoeren", "old_phase": "Co\u00f6rdineren"}}}, {"model": "core.caselog", "pk": 104, "fields": {"case": 7, "event": "change_assignee", "performer": 1, "created_at": "2019-03-14T09:33:00.336Z", "metadata": {"assignee_name": "Admin"}}}, {"model": "core.caselog", "pk": 105, "fields": {"case": 7, "event": "next_phase", "performer": 1, "created_at": "2019-03-14T09:33:01.705Z", "metadata": {"new_phase": "Afhandelen", "old_phase": "Uitvoeren"}}}, {"model": "core.caselog", "pk": 106, "fields": {"case": 7, "event": "change_phase", "performer": 1, "created_at": "2019-03-14T09:33:27.380Z", "metadata": {"new_phase": "Registeren", "old_phase": "Afhandelen"}}}, {"model": "core.caselog", "pk": 107, "fields": {"case": 7, "event": "next_phase", "performer": 1, "created_at": "2019-03-14T09:33:28.716Z", "metadata": {"new_phase": "Inplannen", "old_phase": "Registeren"}}}, {"model": "core.caselog", "pk": 108, "fields": {"case": 7, "event": "next_phase", "performer": 1, "created_at": "2019-03-14T09:33:29.145Z", "metadata": {"new_phase": "Co\u00f6rdineren", "old_phase": "Inplannen"}}}, {"model": "core.caselog", "pk": 109, "fields": {"case": 7, "event": "next_phase", "performer": 1, "created_at": "2019-03-14T09:33:29.661Z", "metadata": {"new_phase": "Uitvoeren", "old_phase": "Co\u00f6rdineren"}}}, {"model": "core.caselog", "pk": 110, "fields": {"case": 7, "event": "next_phase", "performer": 1, "created_at": "2019-03-14T09:33:30.268Z", "metadata": {"new_phase": "Afhandelen", "old_phase": "Uitvoeren"}}}, {"model": "core.caselog", "pk": 111, "fields": {"case": 7, "event": "change_phase", "performer": 1, "created_at": "2019-03-14T09:33:48.831Z", "metadata": {"new_phase": "Inplannen", "old_phase": "Afhandelen"}}}, {"model": "core.caselog", "pk": 112, "fields": {"case": 7, "event": "change_phase", "performer": 1, "created_at": "2019-03-14T09:33:53.490Z", "metadata": {"new_phase": "Uitvoeren", "old_phase": "Inplannen"}}}, {"model": "core.caselog", "pk": 113, "fields": {"case": 7, "event": "change_phase", "performer": 1, "created_at": "2019-03-14T09:34:00.713Z", "metadata": {"new_phase": "Afhandelen", "old_phase": "Uitvoeren"}}}, {"model": "core.caselog", "pk": 114, "fields": {"case": 7, "event": "change_assignee", "performer": 1, "created_at": "2019-03-14T09:34:18.743Z", "metadata": {"assignee_name": "Zaakbeheerder"}}}, {"model": "core.caselog", "pk": 115, "fields": {"case": 5, "event": "change_assignee", "performer": 1, "created_at": "2019-03-14T09:34:32.614Z", "metadata": {"assignee_name": "Zaakbeheerder"}}}, {"model": "core.caselog", "pk": 116, "fields": {"case": 5, "event": "change_phase", "performer": 1, "created_at": "2019-03-14T09:34:39.959Z", "metadata": {"new_phase": "Registeren", "old_phase": "Co\u00f6rdineren"}}}, {"model": "core.caselog", "pk": 117, "fields": {"case": 5, "event": "next_phase", "performer": 1, "created_at": "2019-03-14T09:34:42.692Z", "metadata": {"new_phase": "Inplannen", "old_phase": "Registeren"}}}, {"model": "core.caselog", "pk": 118, "fields": {"case": 5, "event": "next_phase", "performer": 1, "created_at": "2019-03-14T09:34:43.306Z", "metadata": {"new_phase": "Co\u00f6rdineren", "old_phase": "Inplannen"}}}, {"model": "core.caselog", "pk": 119, "fields": {"case": 5, "event": "next_phase", "performer": 1, "created_at": "2019-03-14T09:34:43.960Z", "metadata": {"new_phase": "Uitvoeren", "old_phase": "Co\u00f6rdineren"}}}, {"model": "core.caselog", "pk": 120, "fields": {"case": 5, "event": "change_assignee", "performer": 1, "created_at": "2019-03-14T09:34:49.866Z", "metadata": {"assignee_name": "Admin"}}}, {"model": "core.caselog", "pk": 121, "fields": {"case": 5, "event": "next_phase", "performer": 1, "created_at": "2019-03-14T09:34:52.029Z", "metadata": {"new_phase": "Afhandelen", "old_phase": "Uitvoeren"}}}, {"model": "core.caselog", "pk": 122, "fields": {"case": 5, "event": "change_assignee", "performer": 1, "created_at": "2019-03-14T09:34:56.428Z", "metadata": {"assignee_name": "Zaakbeheerder"}}}, {"model": "core.caselog", "pk": 123, "fields": {"case": 5, "event": "change_phase", "performer": 1, "created_at": "2019-03-14T09:35:03.603Z", "metadata": {"new_phase": "Registeren", "old_phase": "Afhandelen"}}}]