[{"model": "core.case", "pk": 1, "fields": {"name": "Nieuwe zaak", "case_type": 1, "created_at": "2018-10-10T21:54:40.395Z", "current_phase": null, "assignee": null, "data": {"aanvrager": "asdf", "bijzonderheden": "KWALIBO", "klasse_toxiciteit_en_flammable": "3T vluchtig WN"}}}, {"model": "core.case", "pk": 2, "fields": {"name": "Nieuwe zaak", "case_type": 1, "created_at": "2018-10-10T21:55:03.450Z", "current_phase": null, "assignee": null, "data": {"aanvrager": "asdf", "bijzonderheden": "KWALIBO", "klasse_toxiciteit_en_flammable": "3T vluchtig WN"}}}, {"model": "core.case", "pk": 3, "fields": {"name": "Nieuwe zaak", "case_type": 1, "created_at": "2018-10-10T21:55:29.958Z", "current_phase": null, "assignee": null, "data": {"aanvrager": "asdf", "bijzonderheden": "KWALIBO", "klasse_toxiciteit_en_flammable": "3T vluchtig WN"}}}, {"model": "core.case", "pk": 4, "fields": {"name": "Nieuwe zaak", "case_type": 1, "created_at": "2018-10-10T21:55:40.370Z", "current_phase": null, "assignee": null, "data": {"aanvrager": "asdf", "bijzonderheden": "KWALIBO", "klasse_toxiciteit_en_flammable": "3T vluchtig WN"}}}, {"model": "core.case", "pk": 5, "fields": {"name": "Nieuwe zaak", "case_type": 1, "created_at": "2018-10-10T21:55:50.754Z", "current_phase": null, "assignee": null, "data": {"aanvrager": "asdf", "bijzonderheden": "KWALIBO", "klasse_toxiciteit_en_flammable": "3T vluchtig WN"}}}, {"model": "core.case", "pk": 6, "fields": {"name": "Nieuwe zaak", "case_type": 1, "created_at": "2018-10-11T13:32:17.048Z", "current_phase": null, "assignee": null, "data": {"aanvrager": "sadf", "bijzonderheden": "KWALIBO", "klasse_toxiciteit_en_flammable": "3T vluchtig WN"}}}, {"model": "core.casetype", "pk": 1, "fields": {"name": "Bodem en veiligheidsadvies"}}, {"model": "core.phase", "pk": 1, "fields": {"case_type": 1, "name": "Registeren", "order": 1}}, {"model": "core.phase", "pk": 2, "fields": {"case_type": 1, "name": "Inplannen", "order": 2}}, {"model": "core.phase", "pk": 3, "fields": {"case_type": 1, "name": "Co\u00f6rdineren", "order": 3}}, {"model": "core.phase", "pk": 4, "fields": {"case_type": 1, "name": "Uitvoeren", "order": 4}}, {"model": "core.phase", "pk": 5, "fields": {"case_type": 1, "name": "Afhandelen", "order": 5}}, {"model": "core.phasefield", "pk": 1, "fields": {"phase": 1, "key": "aanvrager", "label": "Aanvrager", "type": "CharField", "widget": "TextInput", "initial": null, "args": {}, "order": 1}}, {"model": "core.phasefield", "pk": 2, "fields": {"phase": 1, "key": "bijzonderheden", "label": "Bijzonderheden", "type": "ChoiceField", "widget": "RadioSelect", "initial": "KWALIBO", "args": {"choices": [["KWALIBO", "KWALIBO"], ["Let op", "Let op"], ["Calamiteit", "Calamiteit"], ["Incident", "Incident"], ["Calamiteit KWALIBO", "Calamiteit KWALIBO"], ["Incident KWALIBO", "Incident KWALIBO"]]}, "order": 2}}, {"model": "core.phasefield", "pk": 3, "fields": {"phase": 1, "key": "klasse_toxiciteit_en_flammable", "label": "Klasse Toxiciteit en Flammable", "type": "ChoiceField", "widget": "RadioSelect", "initial": null, "args": {"choices": [["1T/2T niet-vluchtig WN", "1T/2T niet-vluchtig WN"], ["1T/2T vluchtig WN", "1T/2T vluchtig WN"], ["3T niet-vluchtig WN", "3T niet-vluchtig WN"], ["3T vluchtig WN", "3T vluchtig WN"], ["3T(asbest) WN", "3T(asbest) WN"], ["Basisklasse WN", "Basisklasse WN"]]}, "order": 3}}, {"model": "core.phasefield", "pk": 4, "fields": {"phase": 2, "key": "startdatum", "label": "Startdatum", "type": "DateField", "widget": "DateInput", "initial": null, "args": {}, "order": 1}}, {"model": "core.phasefield", "pk": 5, "fields": {"phase": 2, "key": "einddatum", "label": "Einddatum", "type": "DateField", "widget": "DateInput", "initial": null, "args": {}, "order": 2}}, {"model": "core.phasefield", "pk": 6, "fields": {"phase": 2, "key": "duur_van_de_werkzaamheden", "label": "Duur van de werkzaamheden in uren", "type": "IntegerField", "widget": "NumberInput", "initial": null, "args": {}, "order": 3}}, {"model": "core.phasefield", "pk": 7, "fields": {"phase": 3, "key": "dlp", "label": "Naam opdrachtnemer (DLP-er) WN of aannemer", "type": "CharField", "widget": "TextInput", "initial": null, "args": {}, "order": 1}}, {"model": "core.phasefield", "pk": 8, "fields": {"phase": 3, "key": "hvk", "label": "HVK-er", "type": "ChoiceField", "widget": "Select", "initial": null, "args": {}, "order": 2}}, {"model": "core.phasefield", "pk": 9, "fields": {"phase": 3, "key": "hvk-extern", "label": "HVK-er (extern)", "type": "CharField", "widget": "TextInput", "initial": null, "args": {}, "order": 3}}, {"model": "core.phasefield", "pk": 10, "fields": {"phase": 4, "key": "organisatorische_aspecten", "label": "Start werkbespreking Projectspecifieke organisatorische aspecten", "type": "MultipleChoiceField", "widget": "CheckboxSelectMultiple", "initial": null, "args": {}, "order": 1}}, {"model": "core.phasefield", "pk": 11, "fields": {"phase": 4, "key": "uitvoeringsscenario", "label": "Uitvoeringsscenario", "type": "ChoiceField", "widget": "CheckboxSelectMultiple", "initial": null, "args": {}, "order": 2}}, {"model": "core.phasefield", "pk": 12, "fields": {"phase": 2, "key": "diepte_werkzaamheden_in_m", "label": "Diepte werkzaamheden in m", "type": "IntegerField", "widget": "NumberInput", "initial": null, "args": {}, "order": 4}}, {"model": "core.phasefield", "pk": 13, "fields": {"phase": 1, "key": "x", "label": "X-co\u00f6rdinaat", "type": "IntegerField", "widget": "NumberInput", "initial": null, "args": {}, "order": 4}}, {"model": "core.phasefield", "pk": 14, "fields": {"phase": 1, "key": "y", "label": "Y-co\u00f6rdinaat", "type": "IntegerField", "widget": "NumberInput", "initial": null, "args": {}, "order": 5}}, {"model": "core.phasefield", "pk": 15, "fields": {"phase": 1, "key": "opdrachtgever", "label": "Opdrachtgever", "type": "CharField", "widget": "TextInput", "initial": null, "args": {}, "order": 6}}, {"model": "core.phasefield", "pk": 16, "fields": {"phase": 1, "key": "opmerking", "label": "Opmerking", "type": "CharField", "widget": "Textarea", "initial": null, "args": {}, "order": 7}}, {"model": "core.phasefield", "pk": 17, "fields": {"phase": 1, "key": "adres", "label": "Adres", "type": "CharField", "widget": "TextInput", "initial": null, "args": {}, "order": 8}}, {"model": "core.phasefield", "pk": 18, "fields": {"phase": 1, "key": "plaats", "label": "Plaats", "type": "CharField", "widget": "TextInput", "initial": null, "args": {}, "order": 9}}, {"model": "core.phasefield", "pk": 19, "fields": {"phase": 1, "key": "werkomschrijving", "label": "Werkomschrijving", "type": "CharField", "widget": "TextInput", "initial": null, "args": {}, "order": 10}}, {"model": "core.phasefield", "pk": 20, "fields": {"phase": 1, "key": "werkorder", "label": "Werkorder", "type": "CharField", "widget": "TextInput", "initial": null, "args": {}, "order": 11}}, {"model": "core.phasefield", "pk": 21, "fields": {"phase": 1, "key": "diepte_werkzaamheden_in_m", "label": "Diepte werkzaamheden in m", "type": "IntegerField", "widget": "NumberInput", "initial": null, "args": {}, "order": 12}}, {"model": "core.phasefield", "pk": 22, "fields": {"phase": 1, "key": "duur_van_de_werkzaamheden_in_dagen", "label": "Duur van de werkzaamheden in uren", "type": "IntegerField", "widget": "NumberInput", "initial": null, "args": {}, "order": 13}}, {"model": "core.phasefield", "pk": 23, "fields": {"phase": 1, "key": "startdatum", "label": "Startdatum", "type": "DateField", "widget": "DateInput", "initial": null, "args": {}, "order": 14}}, {"model": "core.phasefield", "pk": 24, "fields": {"phase": 1, "key": "omvang_grondwerk_lxbxd_in_m3", "label": "Gepland grondverzet", "type": "IntegerField", "widget": "NumberInput", "initial": null, "args": {}, "order": 15}}, {"model": "core.phasefield", "pk": 25, "fields": {"phase": 1, "key": "buitengebied", "label": "Buitengebied", "type": "ChoiceField", "widget": "RadioSelect", "initial": null, "args": {}, "order": 16}}, {"model": "core.phasefield", "pk": 26, "fields": {"phase": 2, "key": "klasse_toxiciteit_en_flammable", "label": "Klasse Toxiciteit en Flammable", "type": "ChoiceField", "widget": "RadioSelect", "initial": null, "args": {}, "order": 5}}, {"model": "core.phasefield", "pk": 27, "fields": {"phase": 2, "key": "buitengebied", "label": "Buitengebied", "type": "ChoiceField", "widget": "RadioSelect", "initial": null, "args": {}, "order": 6}}, {"model": "core.phasefield", "pk": 28, "fields": {"phase": 2, "key": "werkregelaar", "label": "Werkregelaar", "type": "ChoiceField", "widget": "Select", "initial": null, "args": {}, "order": 7}}, {"model": "core.phasefield", "pk": 29, "fields": {"phase": 2, "key": "kvp_keuze", "label": "KVP-er", "type": "ChoiceField", "widget": "Select", "initial": null, "args": {}, "order": 8}}, {"model": "core.phasefield", "pk": 30, "fields": {"phase": 2, "key": "soort_werk", "label": "Soort werk", "type": "ChoiceField", "widget": "Select", "initial": null, "args": {}, "order": 9}}, {"model": "core.phasefield", "pk": 31, "fields": {"phase": 2, "key": "vooronderzoek", "label": "Vooronderzoek", "type": "ChoiceField", "widget": "RadioSelect", "initial": null, "args": {}, "order": 10}}, {"model": "core.phasefield", "pk": 32, "fields": {"phase": 2, "key": "aantal_m3_te_ontgraven", "label": "Aantal m3 te ontgraven", "type": "ChoiceField", "widget": "RadioSelect", "initial": null, "args": {}, "order": 11}}, {"model": "core.phasefield", "pk": 33, "fields": {"phase": 2, "key": "aannemer", "label": "Aannemer", "type": "ChoiceField", "widget": "Select", "initial": null, "args": {}, "order": 12}}, {"model": "core.phasefield", "pk": 34, "fields": {"phase": 2, "key": "naam_aannemer", "label": "Naam aannemer", "type": "CharField", "widget": "TextInput", "initial": null, "args": {}, "order": 13}}, {"model": "core.phasefield", "pk": 35, "fields": {"phase": 2, "key": "contactpersoon_aannemer", "label": "Contactpersoon aannemer", "type": "CharField", "widget": "TextInput", "initial": null, "args": {}, "order": 14}}, {"model": "core.phasefield", "pk": 36, "fields": {"phase": 2, "key": "adres_aannemer", "label": "Adres aannemer", "type": "CharField", "widget": "TextInput", "initial": null, "args": {}, "order": 15}}, {"model": "core.phasefield", "pk": 37, "fields": {"phase": 2, "key": "postcode_aannemer", "label": "Postcode aannemer", "type": "CharField", "widget": "TextInput", "initial": null, "args": {}, "order": 16}}, {"model": "core.phasefield", "pk": 38, "fields": {"phase": 2, "key": "plaats_aannemer", "label": "Plaats aannemer", "type": "CharField", "widget": "TextInput", "initial": null, "args": {}, "order": 17}}, {"model": "core.phasefield", "pk": 39, "fields": {"phase": 2, "key": "telefoonnummer_aannemer", "label": "Telefoonnummer aannemer", "type": "CharField", "widget": "TextInput", "initial": null, "args": {}, "order": 18}}, {"model": "core.phasefield", "pk": 40, "fields": {"phase": 2, "key": "kwalibo_erkend_aannemer", "label": "KWALIBO erkend aannemer", "type": "ChoiceField", "widget": "RadioSelect", "initial": null, "args": {}, "order": 19}}, {"model": "core.phasefield", "pk": 41, "fields": {"phase": 4, "key": "werkzaamheden_onder_grondwaterspiegel", "label": "Werkzaamheden onder grondwaterspiegel", "type": "ChoiceField", "widget": "RadioSelect", "initial": null, "args": {}, "order": 3}}, {"model": "core.phasefield", "pk": 42, "fields": {"phase": 4, "key": "soort_afwijking", "label": "Soort afwijking", "type": "MultipleChoiceField", "widget": "CheckboxSelectMultiple", "initial": null, "args": {}, "order": 4}}, {"model": "core.phasefield", "pk": 43, "fields": {"phase": 4, "key": "afwijking_toelichting", "label": "Toelichting", "type": "CharField", "widget": "Textarea", "initial": null, "args": {}, "order": 5}}, {"model": "contenttypes.contenttype", "pk": 1, "fields": {"app_label": "core", "model": "user"}}, {"model": "contenttypes.contenttype", "pk": 2, "fields": {"app_label": "core", "model": "case"}}, {"model": "contenttypes.contenttype", "pk": 3, "fields": {"app_label": "core", "model": "caselog"}}, {"model": "contenttypes.contenttype", "pk": 4, "fields": {"app_label": "core", "model": "casetype"}}, {"model": "contenttypes.contenttype", "pk": 5, "fields": {"app_label": "core", "model": "phase"}}, {"model": "contenttypes.contenttype", "pk": 6, "fields": {"app_label": "core", "model": "phasefield"}}, {"model": "contenttypes.contenttype", "pk": 7, "fields": {"app_label": "constance", "model": "config"}}, {"model": "contenttypes.contenttype", "pk": 8, "fields": {"app_label": "admin", "model": "logentry"}}, {"model": "contenttypes.contenttype", "pk": 9, "fields": {"app_label": "auth", "model": "permission"}}, {"model": "contenttypes.contenttype", "pk": 10, "fields": {"app_label": "auth", "model": "group"}}, {"model": "contenttypes.contenttype", "pk": 11, "fields": {"app_label": "contenttypes", "model": "contenttype"}}, {"model": "contenttypes.contenttype", "pk": 12, "fields": {"app_label": "sessions", "model": "session"}}, {"model": "contenttypes.contenttype", "pk": 13, "fields": {"app_label": "database", "model": "constance"}}, {"model": "database.constance", "pk": 1, "fields": {"key": "COMPANY_NAME", "value": "gAJYBwAAAERlbHRhMTBxAC4="}}, {"model": "database.constance", "pk": 2, "fields": {"key": "FAVICON_IMAGE", "value": "gAJYEwAAAGRlZmF1bHQvZmF2aWNvbi5wbmdxAC4="}}, {"model": "database.constance", "pk": 3, "fields": {"key": "LOGO_IMAGE", "value": "gAJYEAAAAGRlZmF1bHQvbG9nby5zdmdxAC4="}}, {"model": "auth.permission", "pk": 1, "fields": {"name": "Can add user", "content_type": 1, "codename": "add_user"}}, {"model": "auth.permission", "pk": 2, "fields": {"name": "Can change user", "content_type": 1, "codename": "change_user"}}, {"model": "auth.permission", "pk": 3, "fields": {"name": "Can delete user", "content_type": 1, "codename": "delete_user"}}, {"model": "auth.permission", "pk": 4, "fields": {"name": "Can view user", "content_type": 1, "codename": "view_user"}}, {"model": "auth.permission", "pk": 5, "fields": {"name": "Can add case", "content_type": 2, "codename": "add_case"}}, {"model": "auth.permission", "pk": 6, "fields": {"name": "Can change case", "content_type": 2, "codename": "change_case"}}, {"model": "auth.permission", "pk": 7, "fields": {"name": "Can delete case", "content_type": 2, "codename": "delete_case"}}, {"model": "auth.permission", "pk": 8, "fields": {"name": "Can view case", "content_type": 2, "codename": "view_case"}}, {"model": "auth.permission", "pk": 9, "fields": {"name": "Can add case log", "content_type": 3, "codename": "add_caselog"}}, {"model": "auth.permission", "pk": 10, "fields": {"name": "Can change case log", "content_type": 3, "codename": "change_caselog"}}, {"model": "auth.permission", "pk": 11, "fields": {"name": "Can delete case log", "content_type": 3, "codename": "delete_caselog"}}, {"model": "auth.permission", "pk": 12, "fields": {"name": "Can view case log", "content_type": 3, "codename": "view_caselog"}}, {"model": "auth.permission", "pk": 13, "fields": {"name": "Can add case type", "content_type": 4, "codename": "add_casetype"}}, {"model": "auth.permission", "pk": 14, "fields": {"name": "Can change case type", "content_type": 4, "codename": "change_casetype"}}, {"model": "auth.permission", "pk": 15, "fields": {"name": "Can delete case type", "content_type": 4, "codename": "delete_casetype"}}, {"model": "auth.permission", "pk": 16, "fields": {"name": "Can view case type", "content_type": 4, "codename": "view_casetype"}}, {"model": "auth.permission", "pk": 17, "fields": {"name": "Can add phase", "content_type": 5, "codename": "add_phase"}}, {"model": "auth.permission", "pk": 18, "fields": {"name": "Can change phase", "content_type": 5, "codename": "change_phase"}}, {"model": "auth.permission", "pk": 19, "fields": {"name": "Can delete phase", "content_type": 5, "codename": "delete_phase"}}, {"model": "auth.permission", "pk": 20, "fields": {"name": "Can view phase", "content_type": 5, "codename": "view_phase"}}, {"model": "auth.permission", "pk": 21, "fields": {"name": "Can add phase field", "content_type": 6, "codename": "add_phasefield"}}, {"model": "auth.permission", "pk": 22, "fields": {"name": "Can change phase field", "content_type": 6, "codename": "change_phasefield"}}, {"model": "auth.permission", "pk": 23, "fields": {"name": "Can delete phase field", "content_type": 6, "codename": "delete_phasefield"}}, {"model": "auth.permission", "pk": 24, "fields": {"name": "Can view phase field", "content_type": 6, "codename": "view_phasefield"}}, {"model": "auth.permission", "pk": 25, "fields": {"name": "Can change config", "content_type": 7, "codename": "change_config"}}, {"model": "auth.permission", "pk": 26, "fields": {"name": "Can add log entry", "content_type": 8, "codename": "add_logentry"}}, {"model": "auth.permission", "pk": 27, "fields": {"name": "Can change log entry", "content_type": 8, "codename": "change_logentry"}}, {"model": "auth.permission", "pk": 28, "fields": {"name": "Can delete log entry", "content_type": 8, "codename": "delete_logentry"}}, {"model": "auth.permission", "pk": 29, "fields": {"name": "Can view log entry", "content_type": 8, "codename": "view_logentry"}}, {"model": "auth.permission", "pk": 30, "fields": {"name": "Can add permission", "content_type": 9, "codename": "add_permission"}}, {"model": "auth.permission", "pk": 31, "fields": {"name": "Can change permission", "content_type": 9, "codename": "change_permission"}}, {"model": "auth.permission", "pk": 32, "fields": {"name": "Can delete permission", "content_type": 9, "codename": "delete_permission"}}, {"model": "auth.permission", "pk": 33, "fields": {"name": "Can view permission", "content_type": 9, "codename": "view_permission"}}, {"model": "auth.permission", "pk": 34, "fields": {"name": "Can add group", "content_type": 10, "codename": "add_group"}}, {"model": "auth.permission", "pk": 35, "fields": {"name": "Can change group", "content_type": 10, "codename": "change_group"}}, {"model": "auth.permission", "pk": 36, "fields": {"name": "Can delete group", "content_type": 10, "codename": "delete_group"}}, {"model": "auth.permission", "pk": 37, "fields": {"name": "Can view group", "content_type": 10, "codename": "view_group"}}, {"model": "auth.permission", "pk": 38, "fields": {"name": "Can add content type", "content_type": 11, "codename": "add_contenttype"}}, {"model": "auth.permission", "pk": 39, "fields": {"name": "Can change content type", "content_type": 11, "codename": "change_contenttype"}}, {"model": "auth.permission", "pk": 40, "fields": {"name": "Can delete content type", "content_type": 11, "codename": "delete_contenttype"}}, {"model": "auth.permission", "pk": 41, "fields": {"name": "Can view content type", "content_type": 11, "codename": "view_contenttype"}}, {"model": "auth.permission", "pk": 42, "fields": {"name": "Can add session", "content_type": 12, "codename": "add_session"}}, {"model": "auth.permission", "pk": 43, "fields": {"name": "Can change session", "content_type": 12, "codename": "change_session"}}, {"model": "auth.permission", "pk": 44, "fields": {"name": "Can delete session", "content_type": 12, "codename": "delete_session"}}, {"model": "auth.permission", "pk": 45, "fields": {"name": "Can view session", "content_type": 12, "codename": "view_session"}}, {"model": "auth.permission", "pk": 46, "fields": {"name": "Can add constance", "content_type": 13, "codename": "add_constance"}}, {"model": "auth.permission", "pk": 47, "fields": {"name": "Can change constance", "content_type": 13, "codename": "change_constance"}}, {"model": "auth.permission", "pk": 48, "fields": {"name": "Can delete constance", "content_type": 13, "codename": "delete_constance"}}, {"model": "auth.permission", "pk": 49, "fields": {"name": "Can view constance", "content_type": 13, "codename": "view_constance"}}, {"model": "admin.logentry", "pk": 1, "fields": {"action_time": "2018-10-10T21:28:35.102Z", "user": 1, "content_type": 6, "object_id": "1", "object_repr": "Aanvrager", "action_flag": 2, "change_message": "[{\"changed\": {\"fields\": [\"args\"]}}]"}}, {"model": "admin.logentry", "pk": 2, "fields": {"action_time": "2018-10-10T21:28:38.584Z", "user": 1, "content_type": 6, "object_id": "2", "object_repr": "Bijzonderheden", "action_flag": 2, "change_message": "[{\"changed\": {\"fields\": [\"args\"]}}]"}}, {"model": "admin.logentry", "pk": 3, "fields": {"action_time": "2018-10-10T21:28:41.540Z", "user": 1, "content_type": 6, "object_id": "3", "object_repr": "Klasse Toxiciteit en Flammable", "action_flag": 2, "change_message": "[{\"changed\": {\"fields\": [\"args\"]}}]"}}, {"model": "admin.logentry", "pk": 4, "fields": {"action_time": "2018-10-10T21:28:44.615Z", "user": 1, "content_type": 6, "object_id": "3", "object_repr": "Klasse Toxiciteit en Flammable", "action_flag": 2, "change_message": "[]"}}, {"model": "admin.logentry", "pk": 5, "fields": {"action_time": "2018-10-10T21:28:49.093Z", "user": 1, "content_type": 6, "object_id": "4", "object_repr": "Startdatum", "action_flag": 2, "change_message": "[{\"changed\": {\"fields\": [\"args\"]}}]"}}, {"model": "admin.logentry", "pk": 6, "fields": {"action_time": "2018-10-10T21:28:52.799Z", "user": 1, "content_type": 6, "object_id": "5", "object_repr": "Einddatum", "action_flag": 2, "change_message": "[{\"changed\": {\"fields\": [\"args\"]}}]"}}, {"model": "admin.logentry", "pk": 7, "fields": {"action_time": "2018-10-10T21:28:55.561Z", "user": 1, "content_type": 6, "object_id": "4", "object_repr": "Startdatum", "action_flag": 2, "change_message": "[]"}}, {"model": "admin.logentry", "pk": 8, "fields": {"action_time": "2018-10-10T21:28:58.333Z", "user": 1, "content_type": 6, "object_id": "5", "object_repr": "Einddatum", "action_flag": 2, "change_message": "[]"}}, {"model": "admin.logentry", "pk": 9, "fields": {"action_time": "2018-10-10T21:29:01.714Z", "user": 1, "content_type": 6, "object_id": "6", "object_repr": "Duur van de werkzaamheden in uren", "action_flag": 2, "change_message": "[{\"changed\": {\"fields\": [\"args\"]}}]"}}, {"model": "admin.logentry", "pk": 10, "fields": {"action_time": "2018-10-10T21:29:04.109Z", "user": 1, "content_type": 6, "object_id": "6", "object_repr": "Duur van de werkzaamheden in uren", "action_flag": 2, "change_message": "[]"}}, {"model": "admin.logentry", "pk": 11, "fields": {"action_time": "2018-10-10T21:29:07.762Z", "user": 1, "content_type": 6, "object_id": "7", "object_repr": "Naam opdrachtnemer (DLP-er) WN of aannemer", "action_flag": 2, "change_message": "[{\"changed\": {\"fields\": [\"args\"]}}]"}}, {"model": "admin.logentry", "pk": 12, "fields": {"action_time": "2018-10-10T21:29:10.771Z", "user": 1, "content_type": 6, "object_id": "8", "object_repr": "HVK-er", "action_flag": 2, "change_message": "[{\"changed\": {\"fields\": [\"args\"]}}]"}}, {"model": "admin.logentry", "pk": 13, "fields": {"action_time": "2018-10-10T21:29:14.105Z", "user": 1, "content_type": 6, "object_id": "9", "object_repr": "HVK-er (extern)", "action_flag": 2, "change_message": "[{\"changed\": {\"fields\": [\"args\"]}}]"}}, {"model": "admin.logentry", "pk": 14, "fields": {"action_time": "2018-10-10T21:29:16.254Z", "user": 1, "content_type": 6, "object_id": "8", "object_repr": "HVK-er", "action_flag": 2, "change_message": "[]"}}, {"model": "admin.logentry", "pk": 15, "fields": {"action_time": "2018-10-10T21:29:19.137Z", "user": 1, "content_type": 6, "object_id": "10", "object_repr": "Uitvoeren", "action_flag": 2, "change_message": "[{\"changed\": {\"fields\": [\"args\"]}}]"}}, {"model": "admin.logentry", "pk": 16, "fields": {"action_time": "2018-10-10T21:29:23.337Z", "user": 1, "content_type": 6, "object_id": "11", "object_repr": "Uitvoeringsscenario", "action_flag": 2, "change_message": "[{\"changed\": {\"fields\": [\"args\"]}}]"}}, {"model": "admin.logentry", "pk": 17, "fields": {"action_time": "2018-10-10T21:30:28.247Z", "user": 1, "content_type": 6, "object_id": "12", "object_repr": "test", "action_flag": 1, "change_message": "[{\"added\": {}}]"}}, {"model": "admin.logentry", "pk": 18, "fields": {"action_time": "2018-10-10T21:30:33.882Z", "user": 1, "content_type": 6, "object_id": "12", "object_repr": "test", "action_flag": 3, "change_message": ""}}, {"model": "admin.logentry", "pk": 19, "fields": {"action_time": "2018-10-10T21:35:53.609Z", "user": 1, "content_type": 6, "object_id": "2", "object_repr": "Bijzonderheden", "action_flag": 2, "change_message": "[{\"changed\": {\"fields\": [\"args\"]}}]"}}, {"model": "admin.logentry", "pk": 20, "fields": {"action_time": "2018-10-10T21:36:21.081Z", "user": 1, "content_type": 6, "object_id": "2", "object_repr": "Bijzonderheden", "action_flag": 2, "change_message": "[{\"changed\": {\"fields\": [\"args\"]}}]"}}, {"model": "admin.logentry", "pk": 21, "fields": {"action_time": "2018-10-10T21:37:58.989Z", "user": 1, "content_type": 6, "object_id": "2", "object_repr": "Bijzonderheden", "action_flag": 2, "change_message": "[{\"changed\": {\"fields\": [\"args\"]}}]"}}, {"model": "admin.logentry", "pk": 22, "fields": {"action_time": "2018-10-10T21:38:21.637Z", "user": 1, "content_type": 6, "object_id": "2", "object_repr": "Bijzonderheden", "action_flag": 2, "change_message": "[{\"changed\": {\"fields\": [\"widget\"]}}]"}}, {"model": "admin.logentry", "pk": 23, "fields": {"action_time": "2018-10-10T21:38:37.832Z", "user": 1, "content_type": 6, "object_id": "2", "object_repr": "Bijzonderheden", "action_flag": 2, "change_message": "[{\"changed\": {\"fields\": [\"type\", \"widget\"]}}]"}}, {"model": "admin.logentry", "pk": 24, "fields": {"action_time": "2018-10-10T21:42:15Z", "user": 1, "content_type": 6, "object_id": "2", "object_repr": "Bijzonderheden", "action_flag": 2, "change_message": "[{\"changed\": {\"fields\": [\"initial\"]}}]"}}, {"model": "admin.logentry", "pk": 25, "fields": {"action_time": "2018-10-10T21:42:21.724Z", "user": 1, "content_type": 6, "object_id": "2", "object_repr": "Bijzonderheden", "action_flag": 2, "change_message": "[{\"changed\": {\"fields\": [\"initial\"]}}]"}}, {"model": "admin.logentry", "pk": 26, "fields": {"action_time": "2018-10-10T21:42:26.018Z", "user": 1, "content_type": 6, "object_id": "2", "object_repr": "Bijzonderheden", "action_flag": 2, "change_message": "[{\"changed\": {\"fields\": [\"initial\"]}}]"}}, {"model": "admin.logentry", "pk": 27, "fields": {"action_time": "2018-10-10T21:42:34.590Z", "user": 1, "content_type": 6, "object_id": "2", "object_repr": "Bijzonderheden", "action_flag": 2, "change_message": "[{\"changed\": {\"fields\": [\"initial\"]}}]"}}, {"model": "admin.logentry", "pk": 28, "fields": {"action_time": "2018-10-10T21:44:32.490Z", "user": 1, "content_type": 6, "object_id": "3", "object_repr": "Klasse Toxiciteit en Flammable", "action_flag": 2, "change_message": "[{\"changed\": {\"fields\": [\"args\"]}}]"}}, {"model": "admin.logentry", "pk": 29, "fields": {"action_time": "2018-10-10T21:50:20.731Z", "user": 1, "content_type": 6, "object_id": "2", "object_repr": "Bijzonderheden", "action_flag": 2, "change_message": "[{\"changed\": {\"fields\": [\"type\"]}}]"}}, {"model": "admin.logentry", "pk": 30, "fields": {"action_time": "2018-10-11T14:07:55.232Z", "user": 1, "content_type": 2, "object_id": "1", "object_repr": "Case object (1)", "action_flag": 2, "change_message": "[{\"changed\": {\"fields\": [\"name\"]}}]"}}, {"model": "admin.logentry", "pk": 31, "fields": {"action_time": "2018-10-11T14:08:01.286Z", "user": 1, "content_type": 2, "object_id": "1", "object_repr": "Case object (1)", "action_flag": 2, "change_message": "[{\"changed\": {\"fields\": [\"name\"]}}]"}}, {"model": "admin.logentry", "pk": 32, "fields": {"action_time": "2018-10-12T15:43:43.993Z", "user": 1, "content_type": 6, "object_id": "12", "object_repr": "Diepte werkzaamheden in m", "action_flag": 1, "change_message": "[{\"added\": {}}]"}}, {"model": "admin.logentry", "pk": 33, "fields": {"action_time": "2018-10-15T09:20:58.846Z", "user": 1, "content_type": 6, "object_id": "13", "object_repr": "X-co\u00f6rdinaat", "action_flag": 1, "change_message": "[{\"added\": {}}]"}}, {"model": "admin.logentry", "pk": 34, "fields": {"action_time": "2018-10-15T10:08:37.905Z", "user": 1, "content_type": 2, "object_id": "6", "object_repr": "Nieuwe zaak", "action_flag": 2, "change_message": "[{\"changed\": {\"fields\": [\"current_phase\"]}}]"}}, {"model": "admin.logentry", "pk": 35, "fields": {"action_time": "2018-10-15T10:08:54.562Z", "user": 1, "content_type": 2, "object_id": "6", "object_repr": "Nieuwe zaak", "action_flag": 2, "change_message": "[{\"changed\": {\"fields\": [\"current_phase\"]}}]"}}, {"model": "admin.logentry", "pk": 36, "fields": {"action_time": "2018-10-15T10:57:10.575Z", "user": 1, "content_type": 2, "object_id": "6", "object_repr": "Nieuwe zaak", "action_flag": 2, "change_message": "[{\"changed\": {\"fields\": [\"current_phase\"]}}]"}}, {"model": "admin.logentry", "pk": 37, "fields": {"action_time": "2018-10-15T11:00:03.242Z", "user": 1, "content_type": 6, "object_id": "14", "object_repr": "Y-co\u00f6rdinaat", "action_flag": 1, "change_message": "[{\"added\": {}}]"}}, {"model": "admin.logentry", "pk": 38, "fields": {"action_time": "2018-10-15T11:01:00.031Z", "user": 1, "content_type": 6, "object_id": "15", "object_repr": "Opdrachtgever", "action_flag": 1, "change_message": "[{\"added\": {}}]"}}, {"model": "admin.logentry", "pk": 39, "fields": {"action_time": "2018-10-15T11:02:14.412Z", "user": 1, "content_type": 6, "object_id": "16", "object_repr": "Opmerking", "action_flag": 1, "change_message": "[{\"added\": {}}]"}}, {"model": "admin.logentry", "pk": 40, "fields": {"action_time": "2018-10-15T11:04:26.452Z", "user": 1, "content_type": 6, "object_id": "17", "object_repr": "Adres", "action_flag": 1, "change_message": "[{\"added\": {}}]"}}, {"model": "admin.logentry", "pk": 41, "fields": {"action_time": "2018-10-15T11:05:35.647Z", "user": 1, "content_type": 6, "object_id": "18", "object_repr": "Plaats", "action_flag": 1, "change_message": "[{\"added\": {}}]"}}, {"model": "admin.logentry", "pk": 42, "fields": {"action_time": "2018-10-15T11:06:00.683Z", "user": 1, "content_type": 6, "object_id": "19", "object_repr": "Werkomschrijving", "action_flag": 1, "change_message": "[{\"added\": {}}]"}}, {"model": "admin.logentry", "pk": 43, "fields": {"action_time": "2018-10-15T11:06:52.889Z", "user": 1, "content_type": 6, "object_id": "20", "object_repr": "Werkorder", "action_flag": 1, "change_message": "[{\"added\": {}}]"}}, {"model": "admin.logentry", "pk": 44, "fields": {"action_time": "2018-10-15T11:11:48.465Z", "user": 1, "content_type": 6, "object_id": "21", "object_repr": "Diepte werkzaamheden in m", "action_flag": 1, "change_message": "[{\"added\": {}}]"}}, {"model": "admin.logentry", "pk": 45, "fields": {"action_time": "2018-10-15T11:12:48.972Z", "user": 1, "content_type": 6, "object_id": "22", "object_repr": "Duur van de werkzaamheden in uren", "action_flag": 1, "change_message": "[{\"added\": {}}]"}}, {"model": "admin.logentry", "pk": 46, "fields": {"action_time": "2018-10-15T11:13:58.365Z", "user": 1, "content_type": 6, "object_id": "23", "object_repr": "Startdatum", "action_flag": 1, "change_message": "[{\"added\": {}}]"}}, {"model": "admin.logentry", "pk": 47, "fields": {"action_time": "2018-10-15T11:15:16.578Z", "user": 1, "content_type": 6, "object_id": "24", "object_repr": "Gepland grondverzet", "action_flag": 1, "change_message": "[{\"added\": {}}]"}}, {"model": "admin.logentry", "pk": 48, "fields": {"action_time": "2018-10-15T11:16:32.318Z", "user": 1, "content_type": 6, "object_id": "25", "object_repr": "Buitengebied", "action_flag": 1, "change_message": "[{\"added\": {}}]"}}, {"model": "admin.logentry", "pk": 49, "fields": {"action_time": "2018-10-15T11:19:28.866Z", "user": 1, "content_type": 6, "object_id": "26", "object_repr": "Klasse Toxiciteit en Flammable", "action_flag": 1, "change_message": "[{\"added\": {}}]"}}, {"model": "admin.logentry", "pk": 50, "fields": {"action_time": "2018-10-15T11:20:16.570Z", "user": 1, "content_type": 6, "object_id": "27", "object_repr": "Buitengebied", "action_flag": 1, "change_message": "[{\"added\": {}}]"}}, {"model": "admin.logentry", "pk": 51, "fields": {"action_time": "2018-10-15T11:21:44.098Z", "user": 1, "content_type": 6, "object_id": "28", "object_repr": "Werkregelaar", "action_flag": 1, "change_message": "[{\"added\": {}}]"}}, {"model": "admin.logentry", "pk": 52, "fields": {"action_time": "2018-10-15T11:22:53.606Z", "user": 1, "content_type": 6, "object_id": "29", "object_repr": "KVP-er", "action_flag": 1, "change_message": "[{\"added\": {}}]"}}, {"model": "admin.logentry", "pk": 53, "fields": {"action_time": "2018-10-15T11:26:30.952Z", "user": 1, "content_type": 6, "object_id": "30", "object_repr": "Soort werk", "action_flag": 1, "change_message": "[{\"added\": {}}]"}}, {"model": "admin.logentry", "pk": 54, "fields": {"action_time": "2018-10-15T11:27:05.149Z", "user": 1, "content_type": 6, "object_id": "31", "object_repr": "Vooronderzoek", "action_flag": 1, "change_message": "[{\"added\": {}}]"}}, {"model": "admin.logentry", "pk": 55, "fields": {"action_time": "2018-10-15T11:28:06.163Z", "user": 1, "content_type": 6, "object_id": "32", "object_repr": "Aantal m3 te ontgraven", "action_flag": 1, "change_message": "[{\"added\": {}}]"}}, {"model": "admin.logentry", "pk": 56, "fields": {"action_time": "2018-10-15T11:29:10.049Z", "user": 1, "content_type": 6, "object_id": "33", "object_repr": "Aannemer", "action_flag": 1, "change_message": "[{\"added\": {}}]"}}, {"model": "admin.logentry", "pk": 57, "fields": {"action_time": "2018-10-15T11:29:54.577Z", "user": 1, "content_type": 6, "object_id": "34", "object_repr": "Naam aannemer", "action_flag": 1, "change_message": "[{\"added\": {}}]"}}, {"model": "admin.logentry", "pk": 58, "fields": {"action_time": "2018-10-15T11:30:36.432Z", "user": 1, "content_type": 6, "object_id": "35", "object_repr": "Contactpersoon aannemer", "action_flag": 1, "change_message": "[{\"added\": {}}]"}}, {"model": "admin.logentry", "pk": 59, "fields": {"action_time": "2018-10-15T11:32:02.028Z", "user": 1, "content_type": 6, "object_id": "36", "object_repr": "Adres aannemer", "action_flag": 1, "change_message": "[{\"added\": {}}]"}}, {"model": "admin.logentry", "pk": 60, "fields": {"action_time": "2018-10-15T11:32:47.321Z", "user": 1, "content_type": 6, "object_id": "37", "object_repr": "Postcode aannemer", "action_flag": 1, "change_message": "[{\"added\": {}}]"}}, {"model": "admin.logentry", "pk": 61, "fields": {"action_time": "2018-10-15T11:33:27.277Z", "user": 1, "content_type": 6, "object_id": "38", "object_repr": "Plaats aannemer", "action_flag": 1, "change_message": "[{\"added\": {}}]"}}, {"model": "admin.logentry", "pk": 62, "fields": {"action_time": "2018-10-15T11:34:35.022Z", "user": 1, "content_type": 6, "object_id": "39", "object_repr": "Telefoonnummer aannemer", "action_flag": 1, "change_message": "[{\"added\": {}}]"}}, {"model": "admin.logentry", "pk": 63, "fields": {"action_time": "2018-10-15T11:35:33.558Z", "user": 1, "content_type": 6, "object_id": "40", "object_repr": "KWALIBO erkend aannemer", "action_flag": 1, "change_message": "[{\"added\": {}}]"}}, {"model": "admin.logentry", "pk": 64, "fields": {"action_time": "2018-10-15T11:39:22.242Z", "user": 1, "content_type": 6, "object_id": "10", "object_repr": "Uitvoeren", "action_flag": 2, "change_message": "[]"}}, {"model": "admin.logentry", "pk": 65, "fields": {"action_time": "2018-10-15T11:52:42.530Z", "user": 1, "content_type": 6, "object_id": "41", "object_repr": "Werkzaamheden onder grondwaterspiegel", "action_flag": 1, "change_message": "[{\"added\": {}}]"}}, {"model": "admin.logentry", "pk": 66, "fields": {"action_time": "2018-10-15T11:53:26.038Z", "user": 1, "content_type": 6, "object_id": "42", "object_repr": "Soort afwijking", "action_flag": 1, "change_message": "[{\"added\": {}}]"}}, {"model": "admin.logentry", "pk": 67, "fields": {"action_time": "2018-10-15T11:54:10.271Z", "user": 1, "content_type": 6, "object_id": "43", "object_repr": "Toelichting", "action_flag": 1, "change_message": "[{\"added\": {}}]"}}, {"model": "admin.logentry", "pk": 68, "fields": {"action_time": "2018-10-15T11:56:01.189Z", "user": 1, "content_type": 6, "object_id": "44", "object_repr": "Samenvatting", "action_flag": 1, "change_message": "[{\"added\": {}}]"}}, {"model": "admin.logentry", "pk": 69, "fields": {"action_time": "2018-10-15T14:14:59.224Z", "user": 1, "content_type": 6, "object_id": "44", "object_repr": "Samenvatting", "action_flag": 3, "change_message": ""}}, {"model": "admin.logentry", "pk": 70, "fields": {"action_time": "2018-10-15T14:16:05.410Z", "user": 1, "content_type": 6, "object_id": "10", "object_repr": "Start werkbespreking Projectspecifieke organisatorische aspecten", "action_flag": 2, "change_message": "[{\"changed\": {\"fields\": [\"key\", \"label\", \"type\"]}}]"}}]